,Unnamed: 0,name,link
0,0,Unstitched Polycotton Shirt Fabric Printed,https://www.flipkart.com/idisi-polycotton-printed-shirt-fabric/p/itm156e85ccc61cf
1,1,Unstitched Viscose Rayon Trouser Fabric Solid,https://www.flipkart.com/raymond-viscose-rayon-solid-trouser-fabric/p/itm5d891193b610b
2,2,Unstitched Polycotton Shirt Fabric Printed,https://www.flipkart.com/bajrangi-fashion-polycotton-printed-shirt-fabric/p/itmbd5118dc2da41
3,3,Men Regular Fit Washed Cut Away Collar Casual Shirt,https://www.flipkart.com/carbonn-cloth-men-washed-casual-grey-shirt/p/itmbcd4fcc2e8bed
4,4,Unstitched Cotton Blend Shirt &amp; Trouser Fabric Self Des...,https://www.flipkart.com/jhabak-s-cotton-blend-self-design-shirt-trouser-fabric/p/itme9c72805d8649
5,5,Unstitched Polycotton Shirt Fabric Printed,https://www.flipkart.com/roxter-polycotton-printed-shirt-fabric/p/itm83e79eacfc787
6,6,Unstitched Polycotton Shirt Fabric Floral Print,https://www.flipkart.com/bajrangi-fashion-polycotton-floral-print-shirt-fabric/p/itm4965cca3d7074
7,7,Men Regular Fit Self Design Casual Shirt,https://www.flipkart.com/carbonn-cloth-men-self-design-casual-grey-shirt/p/itmda6ac6082170f
8,8,Unstitched Polycotton Shirt Fabric Printed,https://www.flipkart.com/online-cloth-khazana-polycotton-printed-shirt-fabric/p/itm9ff273fe5fbf8
9,9,Unstitched Polycotton Shirt Fabric Printed,https://www.flipkart.com/bajrangi-fashion-polycotton-printed-shirt-fabric/p/itm9633849817a12
10,10,Men Regular Fit Washed Cut Away Collar Casual Shirt,https://www.flipkart.com/carbonn-cloth-men-washed-casual-blue-shirt/p/itm0803022ca70b7
11,11,Men Regular Fit Washed Spread Collar Casual Shirt,https://www.flipkart.com/carbonn-cloth-men-washed-casual-blue-shirt/p/itm47a03e842f4a0
12,12,Men Regular Fit Washed Cut Away Collar Casual Shirt,https://www.flipkart.com/carbonn-cloth-men-washed-casual-black-shirt/p/itm50886d472d08e
13,13,Men Regular Fit Washed Cut Away Collar Casual Shirt,https://www.flipkart.com/carbonn-cloth-men-washed-casual-blue-shirt/p/itm0803022ca70b7
14,14,Men Regular Fit Washed Cut Away Collar Casual Shirt,https://www.flipkart.com/carbonn-cloth-men-washed-casual-blue-shirt/p/itma972f71d8bc4b
15,15,Men Regular Fit Checkered Cut Away Collar Casual Shirt,https://www.flipkart.com/carbonn-cloth-men-checkered-casual-multicolor-shirt/p/itm2f922a9afae8a
16,16,Men Regular Fit Washed Cut Away Collar Casual Shirt,https://www.flipkart.com/carbonn-cloth-men-washed-casual-blue-shirt/p/itma972f71d8bc4b
17,17,"Pack of 2 Men Regular Fit Light Blue, Beige Viscose Ray...",https://www.flipkart.com/sam-jack-regular-fit-men-light-blue-beige-trousers/p/itm65d6428f2731c
18,18,"Solid Men Black Gym Shorts, Sports Shorts, Cycling Shor...",https://www.flipkart.com/sportinger-solid-men-black-gym-shorts-sports-cycling-running-shorts/p/itmc5301f3506e1f
19,19,Unstitched Polycotton Shirt Fabric Printed,https://www.flipkart.com/kvpenterprise-polycotton-printed-shirt-fabric/p/itm31a67e1fa5c2d
20,20,"Baby Boys &amp; Baby Girls Party(Festive) Shirt Pant, Jacke...",https://www.flipkart.com/ooksgal-baby-boys-girls-party-festive-shirt-pant-jacket-bow-tie/p/itmbea4275769113
21,21,Men Regular Fit Washed Cut Away Collar Casual Shirt,https://www.flipkart.com/carbonn-cloth-men-washed-casual-light-blue-shirt/p/itm4508f24f0cd35
22,22,Unstitched Pure Cotton Shirt Fabric Self Design,https://www.flipkart.com/maitree-creations-pure-cotton-self-design-shirt-fabric/p/itm9e017661483bc
23,23,Unstitched Polycotton Shirt Fabric Printed,https://www.flipkart.com/bajrangi-fashion-polycotton-printed-shirt-fabric/p/itmced5f329e7af1
24,24,Unstitched Pure Cotton Shirt Fabric Colorblock,https://www.flipkart.com/maitree-creations-pure-cotton-colorblock-shirt-fabric/p/itm92b30651aa814
25,25,Unstitched Cotton Linen Shirt Fabric Solid,https://www.flipkart.com/siyaram-s-cotton-linen-solid-shirt-fabric/p/itmfh5q5whbzbycw
26,26,Men Regular Fit Washed Cut Away Collar Casual Shirt,https://www.flipkart.com/carbonn-cloth-men-washed-casual-blue-shirt/p/itm92cf80c1f7b90
27,27,Men Regular Fit Washed Cut Away Collar Casual Shirt,https://www.flipkart.com/carbonn-cloth-men-washed-casual-blue-shirt/p/itm6d0c8336bfaaf
28,28,Unstitched Polycotton Shirt Fabric Printed,https://www.flipkart.com/bajrangi-fashion-polycotton-printed-shirt-fabric/p/itm0c7847a339864
29,29,Unstitched Polycotton Shirt Fabric Polka Print,https://www.flipkart.com/bajrangi-fashion-polycotton-polka-print-shirt-fabric/p/itm19b5d48a8c269
30,30,Men Solid Black Track Pants,https://www.flipkart.com/trecnor-solid-men-black-track-pants/p/itme4efa932ed592
31,31,Pack of 2 Men Solid Cotton Blend A-line Kurta,https://www.flipkart.com/sketchelite-men-solid-a-line-kurta/p/itmcf2b5136ed746
32,32,Unstitched Polycotton Shirt Fabric Printed,https://www.flipkart.com/izzy-wear-clothing-polycotton-printed-shirt-fabric/p/itm18b37b5d9e865
33,33,Men Regular Fit Washed Cut Away Collar Casual Shirt,https://www.flipkart.com/carbonn-cloth-men-washed-casual-blue-shirt/p/itm47a03e842f4a0
34,34,Men Regular Fit Washed Cut Away Collar Casual Shirt,https://www.flipkart.com/carbonn-cloth-men-washed-casual-grey-shirt/p/itmbcd4fcc2e8bed
35,35,Men Regular Fit Striped Spread Collar Casual Shirt,https://www.flipkart.com/vcom-men-striped-casual-yellow-shirt/p/itm1ed0928f8097b
36,36,Pack of 2 Men Solid Cotton Blend A-line Kurta,https://www.flipkart.com/sketchelite-men-solid-a-line-kurta/p/itmd622d39543538
37,37,Pack of 2 Men Solid Cotton Blend A-line Kurta,https://www.flipkart.com/sketchelite-men-solid-a-line-kurta/p/itm3774771bbedfa
38,38,Solid Men Cargos,https://www.flipkart.com/beevee-solid-men-cargos/p/itme9hb4fk8xkgcw
39,39,Unstitched Polycotton Shirt Fabric Colorblock,https://www.flipkart.com/online-cloth-khazana-polycotton-colorblock-shirt-fabric/p/itm78fac7686f809
40,40,Women Printed Pure Cotton Straight Kurta,https://www.flipkart.com/glowworld-women-printed-straight-kurta/p/itmdacc51b24002b
41,41,Women Kurta and Pant Set Viscose Rayon,https://www.flipkart.com/aleciafashion-women-kurta-pant-set/p/itmf792bb61b31cf
42,42,Women Kurta and Palazzo Set Viscose Rayon,https://www.flipkart.com/river-cloth-women-kurta-palazzo-set/p/itmffbad6a5f9e63
43,43,Unstitched Cotton Silk Blouse Material Embroidered,https://www.flipkart.com/vlipcartz-cotton-silk-embroidered-blouse-material/p/itmf877b0c0b4de8
44,44,Women Kurta and Palazzo Set Viscose Rayon,https://www.flipkart.com/river-cloth-women-kurta-palazzo-set/p/itm61505bb99bdf3
45,45,"ANMKA Printed Kurta, Trouser/Pant &amp; Dupatta Set",https://www.flipkart.com/karn-kawach-indi-printed-kurta-trouser-pant-dupatta-set/p/itm32badda2c9127
46,46,"Unstitched Crepe Salwar Suit Material Floral Print, Pri...",https://www.flipkart.com/iris-crepe-floral-print-printed-geometric-print-salwar-suit-material/p/itmad38f44c9c527
47,47,"Unstitched Crepe Salwar Suit Material Floral Print, Pri...",https://www.flipkart.com/iris-crepe-floral-print-printed-geometric-print-salwar-suit-material/p/itm2d773fb758e6e
48,48,Unstitched Crepe Salwar Suit Material Printed,https://www.flipkart.com/s-creation-crepe-printed-salwar-suit-material/p/itmb1875c9545e4e
49,49,Unstitched Crepe Salwar Suit Material Printed,https://www.flipkart.com/thira-crepe-printed-salwar-suit-material/p/itme9b4efc44640b
50,50,Unstitched Crepe Salwar Suit Material Printed,https://www.flipkart.com/thira-crepe-printed-salwar-suit-material/p/itmd73fb5ca82698
51,51,"Pack of 2 Women Solid Round Neck Black, Grey T-Shirt",https://www.flipkart.com/reifica-solid-women-round-neck-black-grey-t-shirt/p/itm14cde444492bc
52,52,Casual Regular Sleeves Embroidered Women Multicolor Top,https://www.flipkart.com/vaidiki-casual-3-4-sleeve-embroidered-women-multicolor-top/p/itm57029c956977b
53,53,"Pack of 2 Women Solid Round Neck Maroon, Yellow T-Shirt",https://www.flipkart.com/reifica-solid-women-round-neck-maroon-yellow-t-shirt/p/itm363d5a325bd41
54,54,"Pack of 2 Women Solid Round Neck White, Black T-Shirt",https://www.flipkart.com/reifica-solid-women-round-neck-white-black-t-shirt/p/itm7da736058f24a
55,55,Solid Women Raincoat,https://www.flipkart.com/zacharias-solid-women-raincoat/p/itmeub2yvxbfvstd
56,56,Women Kurta and Palazzo Set Viscose Rayon,https://www.flipkart.com/river-cloth-women-kurta-palazzo-set/p/itma9206589bd32c
57,57,Women Striped Khadi Cotton Straight Kurta,https://www.flipkart.com/rimeline-women-striped-straight-kurta/p/itm94ab991c0f630
58,58,Women Kurta and Palazzo Set Viscose Rayon,https://www.flipkart.com/lizra-women-kurta-palazzo-set/p/itmd5959bfc66bc5
59,59,Women Kurta and Palazzo Set Viscose Rayon,https://www.flipkart.com/river-cloth-women-kurta-palazzo-set/p/itm56acd4c022693
60,60,Women Printed Viscose Rayon Cape Top Kurta,https://www.flipkart.com/daisy-cloth-design-women-printed-cape-top-kurta/p/itm4f32839835d42
61,61,"Unstitched Crepe Salwar Suit Material Floral Print, Pri...",https://www.flipkart.com/iris-crepe-floral-print-printed-geometric-print-salwar-suit-material/p/itm458c7ec6fc8bb
62,62,Solid/Plain Bollywood Georgette Saree,https://www.flipkart.com/conveycloth-solid-plain-bollywood-georgette-saree/p/itm4ab084139772b
63,63,Embellished Bollywood Georgette Saree,https://www.flipkart.com/pd-cloth-villa-embellished-bollywood-georgette-saree/p/itmbf5c173a530d1
64,64,Solid/Plain Bollywood Georgette Saree,https://www.flipkart.com/conveycloth-solid-plain-bollywood-georgette-saree/p/itmb775c6c9c4224
65,65,Unstitched Crepe Salwar Suit Material Floral Print,https://www.flipkart.com/inithi-crepe-floral-print-salwar-suit-material/p/itme02c592fe7e5c
66,66,Women Nighty,https://www.flipkart.com/misss-cute-women-nighty/p/itma5699d4a887fd
67,67,"Pack of 2 Women Solid Round Neck Maroon, Black T-Shirt",https://www.flipkart.com/reifica-solid-women-round-neck-maroon-black-t-shirt/p/itm5d6639a6097ef
68,68,Women Nighty,https://www.flipkart.com/misss-cute-women-nighty/p/itm0790d038fe092
69,69,Casual Bell Sleeves Embroidered Women Grey Top,https://www.flipkart.com/vaidiki-casual-embroidered-women-grey-top/p/itm7001ba0033914
70,70,Women Regular Fit Black Cotton Blend Trousers,https://www.flipkart.com/spsy-regular-fit-women-black-trousers/p/itm86ce9012942a0
71,71,Women Ethnic Jacket and Kurta Set Viscose Rayon,https://www.flipkart.com/twelven-women-ethnic-jacket-kurta-set/p/itm17dbb882fabb7
72,72,"Women Kurta, Pant And Dupatta Set Cotton Blend",https://www.flipkart.com/ethanicside-women-kurta-pant-dupatta-set/p/itma7698c9191125
73,73,Women Embroidered Viscose Rayon Straight Kurta,https://www.flipkart.com/kalavisha-women-embroidered-straight-kurta/p/itm5907b81501a05
74,74,Women Kurta and Palazzo Set Viscose Rayon,https://www.flipkart.com/river-cloth-women-kurta-palazzo-set/p/itma8f8ddad2e747
75,75,Women Kurta and Pant Set Georgette,https://www.flipkart.com/slish-women-kurta-pant-set/p/itmdc8bd0c2d2dc0
76,76,Unstitched Crepe Salwar Suit Material Floral Print,https://www.flipkart.com/inithi-crepe-floral-print-salwar-suit-material/p/itmd41397c364d16
77,77,Embellished Bollywood Georgette Saree,https://www.flipkart.com/pd-cloth-villa-embellished-bollywood-georgette-saree/p/itmcfa2642d698d3
78,78,Unstitched Crepe Salwar Suit Material Floral Print,https://www.flipkart.com/inithi-crepe-floral-print-salwar-suit-material/p/itmaf2e9979f4016
79,79,Unstitched Crepe Salwar Suit Material Printed,https://www.flipkart.com/thira-crepe-printed-salwar-suit-material/p/itm38b9b3089c61a
80,80,Boys Festive &amp; Party Kurta and Dhoti Pant Set,https://www.flipkart.com/sahil-collection-boys-festive-party-kurta-dhoti-pant-set/p/itme09c0d3ec0304
81,81,Boys Casual Kurta and Pyjama Set,https://www.flipkart.com/new-collections-boys-casual-kurta-pyjama-set/p/itme890bf7ce0d2b
82,82,Boys Casual Kurta and Pyjama Set,https://www.flipkart.com/new-collections-boys-casual-kurta-pyjama-set/p/itmef21e91d72b29
83,83,Kids Size Black dot printed Face Mask with Nose clip an...,https://www.flipkart.com/7shield-kids-size-black-dot-printed-face-mask-nose-clip-soft-fabric-ear-loop-3-ply-disposable-filter-protection-breathable-dust-proof-child-kids-water-resistant-non-reusable-surgical/p/itm667a67efd8c70
84,84,Boys Festive &amp; Party Kurta and Dhoti Pant Set,https://www.flipkart.com/chandrika-boys-festive-party-kurta-dhoti-pant-set/p/itmd5dd7fdf05693
85,85,"Boys Festive &amp; Party Kurta, Waistcoat and Pyjama Set",https://www.flipkart.com/sphero-boys-festive-party-kurta-waistcoat-pyjama-set/p/itm92c0ff94459d3
86,86,Girls Festive &amp; Party Kurta and Pallazo Set,https://www.flipkart.com/angel-proprietor-girls-festive-party-kurta-pallazo-set/p/itmade6624814228
87,87,LMN Child Care Booties,https://www.flipkart.com/lmn-child-care-booties/p/itmd7166ff577cd5
88,88,"Baby Boys Festive &amp; Party Kurta, Waistcoat and Pyjama S...",https://www.flipkart.com/sphero-baby-boys-festive-party-kurta-waistcoat-pyjama-set/p/itm0673794ad9a90
89,89,Semi Stitched Net/Lace Salwar Suit Material Self Design,https://www.flipkart.com/jaymogal-fashion-net-lace-self-design-salwar-suit-material/p/itm47a748998a4d3
90,90,5 Layers Protraction of Anti Dust/Pollution and Bacteri...,https://www.flipkart.com/kgkr-5-layers-protraction-anti-dust-pollution-bacteria-95-hard-filtration-n95-kids-mask-reusable-washable-water-resistant/p/itmb7f16bd5d187b
91,91,Boys Solid Pure Cotton T Shirt,https://www.flipkart.com/cub-mcpaws-boys-solid-pure-cotton-t-shirt/p/itme95fdc2203704
92,92,Semi Stitched Net/Lace Gown/Anarkali Kurta &amp; Bottom Mat...,https://www.flipkart.com/jaymogal-fashion-net-lace-self-design-gown-anarkali-kurta-bottom-material/p/itm17bc204807ebd
93,93,Unstitched Crepe Salwar Suit Material Printed,https://www.flipkart.com/s-creation-crepe-printed-salwar-suit-material/p/itmcb12614b027dd
94,94,Unstitched Cotton Blend Salwar Suit Material Embroidere...,https://www.flipkart.com/endues-cotton-blend-embroidered-salwar-suit-material/p/itm02b49dfd4fcf1
95,95,Semi Stitched Net/Lace Gown/Anarkali Kurta &amp; Bottom Mat...,https://www.flipkart.com/zalariyu-net-lace-self-design-gown-anarkali-kurta-bottom-material/p/itm1916de4e1bf01
96,96,Track Pant For Boys &amp; Girls,https://www.flipkart.com/trampoline-track-pant-boys-girls/p/itma9204729cef1f
97,97,Boys Festive &amp; Party Kurta and Dhoti Pant Set,https://www.flipkart.com/sahil-collection-boys-festive-party-kurta-dhoti-pant-set/p/itme09c0d3ec0304
98,98,"Boys Typography, Colorblock Cotton Blend T Shirt",https://www.flipkart.com/r-ridachy-boys-typography-colorblock-cotton-blend-t-shirt/p/itm2876fb1d7035d
99,99,Boys Colorblock Cotton Blend T Shirt,https://www.flipkart.com/farbot-boys-colorblock-cotton-blend-t-shirt/p/itmbc991aef58660
100,100,Boys &amp; Girls Casual T-shirt Shorts,https://www.flipkart.com/kidsdom-boys-girls-casual-t-shirt-shorts/p/itm35a5d0746e32c
101,101,Boys &amp; Girls Casual T-shirt Pant,https://www.flipkart.com/kidsdom-boys-girls-casual-t-shirt-pant/p/itm6225989a8805c
102,102,Kids Soft Animal Cartoon Velvet Plush School Bag (FullB...,https://www.flipkart.com/frantic-kids-soft-animal-cartoon-velvet-plush-school-bag-fullbodypink-rabbit-backpack/p/itmc5bff66505b96
103,103,"Boys Festive &amp; Party Kurta, Waistcoat and Pyjama Set",https://www.flipkart.com/sphero-boys-festive-party-kurta-waistcoat-pyjama-set/p/itm836abed6e3ad7
104,104,Girls Festive &amp; Party Kurta and Pallazo Set,https://www.flipkart.com/angel-proprietor-girls-festive-party-kurta-pallazo-set/p/itm5c180c5285cc6
105,105,Girls Maxi/Full Length Party Dress,https://www.flipkart.com/chandrika-girls-maxi-full-length-party-dress/p/itm12ff5dd4d118f
106,106,N95 color mask for child Reusable Washable Face Mask Br...,https://www.flipkart.com/subhusha-n95-color-mask-child-reusable-washable-face-breathable-outdoor-anti-pollution-anti-virus-breathable-premium-quality-masks-especially-kids-5-layers-protection-respirator-melt-blown-boys-girls-children-babies-anti-pollution-viral-bacterial-school-party-mask-child-3-years-4-years-6-7-8-9-10-up-14-yrs-10pcs-combo-10-reusable-cloth-fabric-layer/p/itm900401fa28ef8
107,107,Microfiber 360 GSM Bath Towel,https://www.flipkart.com/brandonn-microfiber-360-gsm-bath-towel/p/itmb72a01f83c318
108,108,Girls Festive &amp; Party Kurta and Pallazo Set,https://www.flipkart.com/angel-proprietor-girls-festive-party-kurta-pallazo-set/p/itm53ec9c7b0bcd6
109,109,Girls Maxi/Full Length Party Dress,https://www.flipkart.com/chandrika-girls-maxi-full-length-party-dress/p/itmb6597cf616177
110,110,Boys &amp; Girls Jungle Book Casual T-shirt Shorts,https://www.flipkart.com/superkid-boys-girls-casual-t-shirt-shorts/p/itm449520d1ae5a9
111,111,(PACK OF 12) AVANGER MASK SUPERHERO MASK 100% PURE COTT...,https://www.flipkart.com/zanjaar-pack-12-avanger-mask-superhero-100-pure-cotton-3-layer-kids-4-5-6-10-year-digital-printed-cartoon-design-combo-high-quality-3-layer-mask-3d-fashionable-protective-kids-anti-pollution-anti-virus-anti-bacterial-fabric-designer-face-children-all-age-suitable-2-5-6-year-premium-reusable-washable-boys-girls-washable-reusable-cloth-avangers-thor-hulk-ca-ironman-drstrange-thanos-spider-man-avengers-multicolor-free-size-pack-12-standard/p/itmaffc9386185f6
112,112,Girls Maxi/Full Length Party Dress,https://www.flipkart.com/chandrika-girls-maxi-full-length-party-dress/p/itm5db9cad05bd55
113,113,Girls Festive &amp; Party Kurta and Pallazo Set,https://www.flipkart.com/styled-fashion-girls-festive-party-kurta-pallazo-set/p/itm2f9c6c6908ad1
114,114,Unstitched Cotton Blend Salwar Suit Material Embroidere...,https://www.flipkart.com/dharmi-fashion-cotton-blend-embroidered-salwar-suit-material/p/itme07b72a27f53f
115,115,Unstitched Pure Cotton Salwar Suit Material Printed,https://www.flipkart.com/myraadesigner-pure-cotton-printed-salwar-suit-material/p/itmb31b4d7a84623
116,116,Boys Casual T-shirt Shorts,https://www.flipkart.com/tiny-biny-boys-casual-t-shirt-shorts/p/itm86f2d250e3418
117,117,Boys Solid Pure Cotton T Shirt,https://www.flipkart.com/cub-mcpaws-boys-solid-pure-cotton-t-shirt/p/itmfgzvzhyssrtqh
118,118,Unstitched Cotton Blend Salwar Suit Material Printed,https://www.flipkart.com/endues-cotton-blend-printed-salwar-suit-material/p/itm4f2c665a1f237
119,119,Unstitched Cotton Blend Kurta Fabric Floral Print,https://www.flipkart.com/rnir-creation-cotton-blend-floral-print-kurta-fabric/p/itmf3d9e5ae66b16
120,0,Sponsored Ad - EIO Unisex Kids Cotton Pajama Pants Combo Pack,https://www.amazon.in/dp/B08GCM2J6L
121,1,Sponsored Ad - A toddler thing - Organic Cotton Muslin Knot Type Jabla | White Jhabla | Assorted Pack of 5 | Size - 3-6 Mo...,https://www.amazon.in/dp/B08JQ19DHW
122,2,Sponsored Ad - BALUDA ENTERPRISE SEMI LYCRA CLOTHS FOR BABY BOYS,https://www.amazon.in/dp/B0BDRJFNK7
123,3,Real Basics unisex child fleece Track Suit,https://www.amazon.in/dp/B0BGH1NQ5M
124,4,Googo Gaaga Boy's T-Shirt,https://www.amazon.in/dp/B0B2JLHTZY
125,5,Hopscotch Baby Boys Cotton and Spandex Pant set Red 12-18 Months (YAH-3133332),https://www.amazon.in/dp/B08HL2S2K3
126,6,Bold N Elegant Cute Cartoon Print Half Sleeve T-shirt and Shorts Clothing Set for Infant Toddler Baby Boy Girl,https://www.amazon.in/dp/B08JV67752
127,7,Sponsored Ad - EIO Unisex Kids Cotton Pajama Pants Combo Pack,https://www.amazon.in/dp/B08GCM2J6L
128,8,Sponsored Ad - VRITRAZ Unisex-baby Baseball Cap (Pack of 1),https://www.amazon.in/dp/B085ZNB3DQ
129,9,Sponsored Ad - Kuchipoo Boys Sleeveless Cotton T-Shirt and Short Set - Combo of 2 (KUC-NSUT-105),https://www.amazon.in/dp/B0978WLM5F
130,10,"Sponsored Ad - Little Baby Boys Wedding, Festive & Party Dress Casual Waistcoat and Pyjama Set(Maroon and White)",https://www.amazon.in/dp/B0BSQR79FD
131,11,ARIEL Cotton Clothing Sets for Baby Boys & girls - Unisex Clothing sets Full Sleeve T-shirt & Pant,https://www.amazon.in/dp/B09WYZW846
132,12,HIKUJ 2pcs Baby Boy Dress Clothes Toddler Outfits Infant Tuxedo Formal Suits for Kids Long Sleeve Shirt + Pants Set,https://www.amazon.in/dp/B0BRKTTQQS
133,13,Sponsored Ad - EIO Unisex Kids Cotton Pajama Pants Combo Pack,https://www.amazon.in/dp/B08GCM2J6L
134,14,Sponsored Ad - Googo Gaaga Boy's T-Shirt,https://www.amazon.in/dp/B096DYL4CV
135,15,Sponsored Ad - Googo Gaaga Boy's Cotton T-Shirt With Shorts,https://www.amazon.in/dp/B096FWDWL9
136,16,Sponsored Ad - VRITRAZ Unisex-baby Baseball Cap (Pack of 1),https://www.amazon.in/dp/B085ZNB3DQ
137,17,GIRLS DESIGNER CLOTHING SET,https://www.amazon.in/dp/B09QZ2B88X
138,18,Hopscotch Boys Cotton Jogger Set,https://www.amazon.in/dp/B096QQLSPW
139,19,Googo Gaaga Boys Cotton Track Suit,https://www.amazon.in/dp/B081WX369W
140,20,Jimmy Jammy - Unisex Clothing Set for Baby Boy and Baby Girl 100% Cotton Tshirt and Short (Pack of 10 | 5 T-Shirts & 5Shor...,https://www.amazon.in/dp/B08SKNF4Q6
141,21,Bold N Elegant Funky Cartoon Print Kid's T-Shirt with Dungaree Shorts & Bow Little Man Party Clothes Dress for Boys,https://www.amazon.in/dp/B0B7SFTW98
142,22,Kuchipoo Unisex Regular;Relaxed Pyjama Pants pack of 5,https://www.amazon.in/dp/B07SS9HPJ8
143,23,superbottoms Top & Shorts set | Tshirt with shorts | Evrydaywear™| Boys clothes | Girls clothes | Unisex | Cotton set comb...,https://www.amazon.in/dp/B09TTQVX6Y
144,24,EIO Unisex Kids Cotton Pajama Pants Combo Pack,https://www.amazon.in/dp/B09JM4JF1V
145,25,"SARGO 7 Boys & Girls Kids Clothing Set Pack Of 1,Boys & Girls Top & Bottom Set,Baby Boys Tshirs & Shorts Set, Boy's ke kap...",https://www.amazon.in/dp/B0BVG2YFKP
146,26,Bold N Elegant - Be Bold Inside & Elegant Outside Baby Boy's Cotton Shirt And Shorts,https://www.amazon.in/dp/B0B2NXQDMS
147,27,TENDERCARE Baby Girl's & Baby Boy's Knee Length Dungaree,https://www.amazon.in/dp/B08CBWGBPV
148,28,Bold N Elegant Cartoon Panda Bear Print Boys Cotton Linen Blend Shirt and Denim Shorts Set Little Baby Boy Clothing Party ...,https://www.amazon.in/dp/B0BLP7NNVF
149,29,Googo Gaaga Boy's Cotton Printed T-Shirt with Denim Shorts Set in Red Color,https://www.amazon.in/dp/B07YL3879B
150,30,Kuchipoo Regular Fit Baby Boys and Baby Girls Pyjamas - Pack of 5 (© DISNEY-PAJ-131),https://www.amazon.in/dp/B0BSTYWYGR
151,31,Tendercare Baby Boy's & Baby Girl's Jumbo The Elephant Dungaree For 0-6Months Baby || Dress Clothes For Baby Boy And Baby ...,https://www.amazon.in/dp/B08DM7H3WB
152,32,Bold N Elegant - Be Bold Inside & Elegant Outside Baby's Cotton Tshirt Pant Set,https://www.amazon.in/dp/B094VTBR5F
153,33,Sponsored Ad - VRITRAZ Unisex-baby Baseball Cap (Pack of 1),https://www.amazon.in/dp/B085ZNB3DQ
154,34,Sponsored Ad - Dowin Unisex- Baby Cotton Solid Pajama Bottom (Pack of 6),https://www.amazon.in/dp/B08KT27B5C
155,35,Sponsored Ad - Kuchipoo Boys Sleeveless Cotton T-Shirt and Short Set - Combo of 2 (KUC-NSUT-105),https://www.amazon.in/dp/B0978WLM5F
156,36,"Sponsored Ad - Little Baby Boys Wedding, Festive & Party Dress Casual Waistcoat and Pyjama Set(Maroon and White)",https://www.amazon.in/dp/B0BSQR79FD
157,37,Piku Store Kids Full Sleeves T-Shirt & Lower Set,https://www.amazon.in/dp/B08V1N5V7G
158,38,Bold N Elegant Funky Cartoon Print Kid's T-Shirt with Dungaree Shorts & Bow Little Man Party Clothes Dress for Boys,https://www.amazon.in/dp/B09B66MKWM
159,39,ARIEL Baby Boys & Baby girls Cotton Printed Round Neck Half Sleeve T-shirt & Short Latest Summer Clothing Sets,https://www.amazon.in/dp/B0BV318SH3
160,40,Bold N Elegant Cool Printed Bear Cartoon Printed Little Boy Girl Baby Clothing Set Highwaist Stripe Pyjama Tshirt Pant Set...,https://www.amazon.in/dp/B0BVG8Z92B
161,41,Bold N Elegant Disney Mickey Mouse Cartoon Print Kid's Sweatshirt T-shirt Jogger Coordinated Clothing Set for Infant Toddl...,https://www.amazon.in/dp/B0BRTBQ59T
162,42,EIO Boys and Girls Cotton Pajama Pants,https://www.amazon.in/dp/B09H34KYW5
163,43,Bold N Elegant - Be Bold Inside & Elegant Outside Baby Boy's Cotton Tshirt Pant Set,https://www.amazon.in/dp/B0B34VKJWB
164,44,Wish Karo Cotton Clothing Sets For Baby Boys-(bt76nw),https://www.amazon.in/dp/B097789WXT
165,45,Googogaaga Boy's Cotton Printed T-Shirt with Shorts in Red Color,https://www.amazon.in/dp/B096F7XLFY
166,46,"Lazy One Women's Leggings and Tees, Pajama Separates, Cozy Loungewear for Women",https://www.amazon.in/dp/B0742NBY16
167,47,Hopscotch Boys Pink Animal Print T-Shirt and Shorts Set for 110/70 (3-4 Yrs) (YYZ-3121497),https://www.amazon.in/dp/B08GCZ1L69
168,48,Hopscotch Boys Formal Set,https://www.amazon.in/dp/B08FRLQW1B
169,49,A.T.U.N Girls Red Hippo- Grey Melange Ruffle Nighsuit,https://www.amazon.in/dp/B08JTVJBGP
170,50,Bold N Elegant Kids Cartoon Stripe Print Cotton Half Sleeve T-shirt and Shorts Clothing Set for Infant Toddler Baby Boy Girl,https://www.amazon.in/dp/B0BPC28V9P
171,51,Bold N Elegant Half Sleeve Cute Funny Jungle Animal Cartoon Dinosaur Print Cotton Tshirt and Plaid Shorts Set for Infant T...,https://www.amazon.in/dp/B09RMTJVR1
172,52,Sponsored Ad - Hopscotch Boys Cotton All-Over Print T-Shirt with Jacket & Pant Set in Green Color,https://www.amazon.in/dp/B07KWP6YJZ
173,53,Hopscotch Boys Formal Set,https://www.amazon.in/dp/B09B5LPQSQ
174,54,Hudson baby Baby Boys' Multi Piece Clothing Set,https://www.amazon.in/dp/B07D8Z3K7L
175,55,Bold N Elegant Cute 3D Bear Cute Cartoon Half Sleeve Kid's T-Shirt with Denim Dungaree Bibshorts for Baby Boy & Girl,https://www.amazon.in/dp/B0BTC7WHV8
176,56,superbottoms Top & Shorts Set|Evrydaywear|Bundle Pack|Value pack|Sets for Kids|Clothing sets|Baby clothes|Boy clothes|Girl...,https://www.amazon.in/dp/B09WKB1HFX
177,57,NammaBaby Cotton Pajama Pants with All Over Print for Boys and Girls (Multicolor Designs)(Regular Fit)(Pack of 5),https://www.amazon.in/dp/B07Z679F7T
178,58,Googogaaga Boy's Cotton Pocket Detailed T-Shirt With Shorts in White Color,https://www.amazon.in/dp/B09VDNCS75
179,59,Bold N Elegant Stripe Print Happy Face Half Sleeve Kid's T-Shirt with Denim Dungaree Bibshorts for Baby Boy & Girl,https://www.amazon.in/dp/B0BMXCJTX7
180,60,BABY GO Full Sleeves Degigner Dungaree for Baby Boys & Baby Girls,https://www.amazon.in/dp/B0B8VLZM6X
181,61,Googo Gaaga Boy's T-Shirt,https://www.amazon.in/dp/B096DYMMFM
182,62,Sponsored Ad - minicult Cotton Pajama Pants with All Over Print for Boys and Girls (Multicolor Designs)(Regular Fit)(Pack ...,https://www.amazon.in/dp/B07C97884R
183,63,Sponsored Ad - AJ DEZINES® Kids Festive Sherwani for Boys,https://www.amazon.in/dp/B07J9WGZPX
184,64,Sponsored Ad - SATPURUSH Boys Cotton Blazer Style Formal Shirt and Pant Set with Bow Tie (pack of 1),https://www.amazon.in/dp/B0BGDSFRSH
185,65,Sponsored Ad - Real Basics Cotton Clothing Sets for Boys & girls - Unisex Clothing sets Full Sleeve T-shirt Pant & Cap,https://www.amazon.in/dp/B0BGGZ3TJ3
186,66,Piku Store Kids Full Sleeves T-Shirt & Lower Set,https://www.amazon.in/dp/B08V1N5V7G
187,67,ARIEL Cotton Clothing Sets for Baby Boys & girls - Unisex Clothing sets Full Sleeve T-shirt & Pant,https://www.amazon.in/dp/B09WZ2451D
188,68,Bold N Elegant Cool Printed Bear Cartoon Printed Little Boy Girl Baby Clothing Set Highwaist Stripe Pyjama Tshirt Pant Set...,https://www.amazon.in/dp/B07QTG1QRJ
189,69,Hopscotch Girls Short Set,https://www.amazon.in/dp/B09752HJNP
190,70,Hopscotch Girls Polyester Floral Print Blouse and Shorts Set in Yellow Color,https://www.amazon.in/dp/B07P7QM8SF
191,71,Wish Karo Cotton Clothing Sets For Baby Boys-(bt76nw),https://www.amazon.in/dp/B097789WXT
192,72,"Fareto Baby's Cotton Blend, Cotton T-Shirt and Pants Set",https://www.amazon.in/dp/B09MLMSV8B
193,73,Bold N Elegant 3D Fur Reindeer Cartoon Thick Winter Warm T-shirt Pant with Hood Jacket 3 Pc Clothing Set for Infant Toddle...,https://www.amazon.in/dp/B09MFRD6QW
194,74,Hopscotch Boys Formal Set,https://www.amazon.in/dp/B0BTMHYCCN
195,75,"Babyblossom Baby Kid's Cotton Combo Pack Of 3 Clothing Set ( 3 Top And 3 Bottom) (1112,Multicolor,0-3 Months)",https://www.amazon.in/dp/B01N128OAO
196,76,Hopscotch Boys Cotton and Spandex Pant set,https://www.amazon.in/dp/B08HL1K1T6
197,77,Sponsored Ad - minicult Cotton Pajama Pants with All Over Print for Boys and Girls (Multicolor Designs)(Regular Fit)(Pack ...,https://www.amazon.in/dp/B07C97884R
198,78,Sponsored Ad - AJ DEZINES® Kids Festive Sherwani for Boys,https://www.amazon.in/dp/B07J9WGZPX
199,79,Sponsored Ad - Kids Printed Clothing Sets (Pack of 6),https://www.amazon.in/dp/B085TJHN29
200,80,Cutecumber Girls Silk Embellished Green Ethnic Set with Potli Bag. CC5225AB-GREEN,https://www.amazon.in/dp/B09G6YW9B1
201,81,NammaBaby Cotton Pajama Pants with All Over Print for Boys and Girls (Multicolor Designs)(Regular Fit)(Pack of 5),https://www.amazon.in/dp/B076GX92TN
202,82,HIKUJ 2pcs Baby Boy Dress Clothes Toddler Outfits Infant Tuxedo Formal Suits for Kids Long Sleeve Shirt + Pants Set,https://www.amazon.in/dp/B0BRKXTFPR
203,83,Bold N Elegant Little Astronaut Rocket Space Fun Kids Sleeveless T-shirt & Shorts Summer Clothing Set for Little Boys & Girls,https://www.amazon.in/dp/B0B4PP4RWB
204,84,Sponsored Ad - Googo Gaaga Boy's T-Shirt,https://www.amazon.in/dp/B096DYL4CV
205,85,Hopscotch Boys Cotton and Spandex Formal Set,https://www.amazon.in/dp/B07G36ZWDV
206,86,babeezworld Dungaree for Boys & Girls Casual Printed Pure Cotton-Pack of 2 (Multicolour),https://www.amazon.in/dp/B07VV4HCVJ
207,87,GOOGO GAAGA Baby Boy Cotton Track Suit,https://www.amazon.in/dp/B09N7RW72W
208,88,Googo Gaaga Boy's T-Shirt,https://www.amazon.in/dp/B096DYH6XJ
209,89,TOONYPORT Cotton Baby Boy Kidswear Half Sleeve Top Bottom Clothing Set,https://www.amazon.in/dp/B08JCQWPKH
210,90,Hopscotch Boys Cotton Stripes Bear Print Half Sleeves T-Shirt and Pant Set in Navy Color,https://www.amazon.in/dp/B097RSS6NL
211,91,Children Kids Outfits Clothes Girls Teen Letter T Shirt Tops + Ruffle pleated palazzo Sets for 6-16 Years Old,https://www.amazon.in/dp/B0B8NVF8JC
212,92,LuvLap Half Sleeve Boys T-Shirt & Shorts Sets,https://www.amazon.in/dp/B0C3MFTPDQ
213,93,Jaganath Creations Printed Half Sleeve Dress for Baby Boy | Hosiery Cotton T-Shirt and Short Set,https://www.amazon.in/dp/B0BW98G3B2
214,94,NammaBaby New Born Baby Combo Set Cotton Front Open Full Sleeves Vest- Tshirt Jhabla (6PC) and Unisex Kid's Pajama with Bo...,https://www.amazon.in/dp/B07TQ3FR21
215,95,Bold N Elegant Floral Embroidered Cotton Sleeveless Ruffle Top and Shorts Clothing Set for Infant Toddler Baby Girl,https://www.amazon.in/dp/B0BDZ2FX3T
216,96,Kuchipoo Unisex Regular;Relaxed Pyjama Pants pack of 5,https://www.amazon.in/dp/B08WKC8SDF
217,97,DHRUVI TRENDZ Designer Slub Cotton Fully Stitched Anarklai Kurti for Women & Girls on Jeans Palazzo or Skirt (Plus Size Up...,https://www.amazon.in/dp/B081YXGLDJ
218,98,Googo Gaaga Boys Cotton Track Suit,https://www.amazon.in/dp/B081WX369W
219,99,superbottoms Top & Shorts Set|Evrydaywear|Bundle Pack|Value pack|Sets for Kids|Clothing sets|Baby clothes|Boy clothes|Girl...,https://www.amazon.in/dp/B09WKCG2GS
220,100,Hopscotch Kid's Cotton Graphic Print Pajama Set Pack Of 1,https://www.amazon.in/dp/B07LBKN36K
221,101,Bold N Elegant Plaid Check Happy Smiley Face Print T-shirt with Jacket & Pants 3 piece Winter Clothing Set for Infant Todd...,https://www.amazon.in/dp/B0BGRZW18V
222,102,Bold N Elegant Full Sleeve Cotton Fun Cute Cartoon Jungle Animal Tshirt & Pajama PJ Pant Clothing Set for Infant Toddler B...,https://www.amazon.in/dp/B0BYDML21P
223,103,Hopscotch Girls Skirt Set,https://www.amazon.in/dp/B07J1QNQ45
224,104,Bold N Elegant 3D Fur Reindeer Cartoon Thick Winter Warm T-shirt Pant with Hood Jacket 3 Pc Clothing Set for Infant Toddle...,https://www.amazon.in/dp/B09MFQCVR7
225,105,Sponsored Ad - Real Basics Cotton Clothing Sets for Boys & girls - Unisex Clothing sets Full Sleeve T-shirt Pant & Cap,https://www.amazon.in/dp/B0BGGZ3TJ3
226,106,Googo Gaaga Boy's Cotton T-Shirt With Shorts,https://www.amazon.in/dp/B096FWDWL9
227,107,Sponsored Ad - Hopscotch Boys Cotton and Spandex Formal Set,https://www.amazon.in/dp/B07NMTLP7Y
228,108,Sponsored Ad - SATPURUSH Boys Cotton Blazer Style Formal Shirt and Pant Set with Bow Tie (pack of 1),https://www.amazon.in/dp/B0BGDSFRSH
229,109,Hopscotch Boys Short set,https://www.amazon.in/dp/B0927NYZVH
230,110,Luke and Lilly Boy's Cotton Shirt And Shorts,https://www.amazon.in/dp/B07D13KN15
231,111,"LP Fashion Store Baby Boys Wedding, Festive & Party Shirt Pant & Waistcoat Set",https://www.amazon.in/dp/B0BRVDWZXQ
232,112,"Baby Boy and Baby Girl's Half Sleeves Soft Cotton Vests,Jhabla T-Shirt with Shorts Pants Dress for Kids Infant Toddler Sum...",https://www.amazon.in/dp/B0B727FRVN
233,113,Bold N Elegant Jurassic Joy Dinosaur Fun Kids Sleeveless T-shirt & Shorts Summer Clothing Set for Little Boys & Girls,https://www.amazon.in/dp/B0B4F954JN
234,114,ARIEL Cotton Clothing Sets for Boys & girls - Unisex Clothing sets Full Sleeve T-shirt Pant & Cap,https://www.amazon.in/dp/B0BBLRJ5BC
235,115,Bold N Elegant Cute Cartoon Print Half Sleeve T-shirt and Shorts Clothing Set for Infant Toddler Baby Boy Girl,https://www.amazon.in/dp/B08JV8GB2V
236,116,DHRUVI TRENDZ Designer Slub Rayon Fully Stitched Anarklai Kurti/Kurta for Women & Girls on Jeans Palazzo or Skirt (Plus Si...,https://www.amazon.in/dp/B0BPNZ99YR
237,117,Hopscotch Boys Short set,https://www.amazon.in/dp/B0927KCRQD
238,118,Hopscotch Boys Cotton and Spandex Formal Set,https://www.amazon.in/dp/B07G38KFXZ
239,119,Bold N Elegant Winter Warm Fleece Kid's Cartoon Thick Sweatshirt Tshirt and Pyjama Pant Clothing Set for Infant Toddler Bo...,https://www.amazon.in/dp/B0BL42Z3B6
240,120,"Sponsored Ad - Little Baby Boys Wedding, Festive & Party Dress Casual Waistcoat and Pyjama Set(Maroon and White)",https://www.amazon.in/dp/B0BSQR79FD
241,121,Sponsored Ad - Kuchipoo Boys Sleeveless Cotton T-Shirt and Short Set - Combo of 2 (KUC-NSUT-105),https://www.amazon.in/dp/B0978WLM5F
242,122,Sponsored Ad - AJ DEZINES® Kids Festive Sherwani for Boys,https://www.amazon.in/dp/B07J9WGZPX
243,123,Sponsored Ad - minicult Cotton Pajama Pants with All Over Print for Boys and Girls (Multicolor Designs)(Regular Fit)(Pack ...,https://www.amazon.in/dp/B07C97884R
244,124,Bold N Elegant Full Sleeve Cotton Fun Cute Cartoon Jungle Animal Tshirt & Pajama PJ Pant Clothing Set for Infant Toddler B...,https://www.amazon.in/dp/B09XLBP9FH
245,125,Googogaaga Boy's Cotton Printed Tie & Die T-shirt With Shorts in Blue Color Set for Boys,https://www.amazon.in/dp/B0B7K4433R
246,126,All Kid's Choice Printed Boy's Cotton Sleeveless Hooded T-Shirt and Shorts Combo Set,https://www.amazon.in/dp/B0BSS1HPGH
247,127,Kuchipoo Unisex Cotton Animal Print Pajama Bottom (Pack of 5),https://www.amazon.in/dp/B07B4TW8LT
248,128,Arshia Fashions Suit Set for Girls |Kurta Pajama,https://www.amazon.in/dp/B0BBP7H1TZ
249,129,Children Kids Outfits Clothes Girls Teen T-Shirt Tops + Ruffle pleated palazzo Sets for 6-16 Years Old,https://www.amazon.in/dp/B0B9JZJL7N
250,130,Googogaaga Boy's Cotton Pocket Detailed T-Shirt With Shorts in White Color,https://www.amazon.in/dp/B096ZPFD6L
251,131,BUMZEE Girls Full Sleeves T-Shirt & Pyjama Set,https://www.amazon.in/dp/B0BD8XJZ72
252,132,Bold N Elegant Full Sleeve Cotton Fun Cute Cartoon Jungle Animal Tshirt & Pajama PJ Pant Clothing Set for Infant Toddler B...,https://www.amazon.in/dp/B09XLBTRL5
253,133,"Infantbond Baby Boy's and Girl's Sleeveless T-Shirt and Short 100% Cotton Clothing Set (6-9 Months, Giraffe Set)",https://www.amazon.in/dp/B091SHMX5C
254,134,Googo Gaaga Boy's T-Shirt,https://www.amazon.in/dp/B096DYKYKH
255,135,Jimmy Jammy Baby Boy & Girl Dress Soft Hosiery Cotton Blend T-shirt and Shorts Pack 4 T-shirt + 4 Shorts Multi colored,https://www.amazon.in/dp/B096WGNC8S
256,136,Bold N Elegant Cute Cartoon Print Half Sleeve T-shirt and Shorts Clothing Set for Infant Toddler Baby Boy Girl,https://www.amazon.in/dp/B08JV6457V
257,137,Jimmy Jammy Baby Boy & Girl Unisex Summer Dress 100% Pure Cotton T-shirt and Shorts - Pack of 5 T-shirt + 5 Shorts Multi c...,https://www.amazon.in/dp/B09Z2XHLXD
258,138,Bold N Elegant Disney Mickey Mouse Cartoon Print Kids Full Sleeve T-shirt & Jogger Pajama Pant Clothing Set for Boys & Girls,https://www.amazon.in/dp/B0BJMSBBQX
259,139,LP fashion Baby girls Top & Bottom wear set || Girls clothes || Top And Shorts,https://www.amazon.in/dp/B0BRW5YB1Q
260,140,Hopscotch Boys Formal Set,https://www.amazon.in/dp/B07MHV5X24
261,141,Jimmy Jammy New Born Baby Boys & Girls Clothes Dress Soft Hosiery Cotton Unisex T-shirt and Shorts Pack of 4 T-shirt + 4 S...,https://www.amazon.in/dp/B09L6CP4FM
262,142,Real Basics Cotton Clothing Sets for Boys & girls - Unisex Clothing sets Full Sleeve T-shirt & Pant,https://www.amazon.in/dp/B0B69MDYDT
263,143,Mars Infiniti Tripple set combo of Sleeveless and shorts,https://www.amazon.in/dp/B0C23VLB6F
264,144,Jimmy Jammy New Born Baby Boys & Girls Clothes Dress 100% Pure Cotton Unisex Half Sleeves T-shirt and Shorts Pack of 4 T-s...,https://www.amazon.in/dp/B0992Q63NW
265,145,Mars Infiniti multicolor t shirt and track pant set,https://www.amazon.in/dp/B0BSCD8FYG
266,146,Hopscotch Baby Boys Polyester Text Print Top and Pant Set in Navy Color,https://www.amazon.in/dp/B07MLLQNL7
267,147,ASK - JS - LCD & CO -Pack of 6 -Babies boys and girls tops and bottoms - Unisex - sweater dress - socks for toddler girls...,https://www.amazon.in/dp/B0BJBFYCJL
268,148,Kuchipoo Unisex Regular;Relaxed Pyjama Pants pack of 5,https://www.amazon.in/dp/B08HHRXNVD
269,149,"LuvLap Half Sleeve Girls Top & Shorts Sets, For Baby, Infants & Toddlers, Multicolour, 100% Cotton, Baby Girl Dress, Baby ...",https://www.amazon.in/dp/B0BYVKBPFR
270,150,"Baby Story 100% Cotton Rompers/Sleepsuits/Jumpsuit/Night Suits for Baby Boys & Girls, Infants, New Borns",https://www.amazon.in/dp/B09FSCQPR7
271,151,Sponsored Ad - Real Basics Cotton Clothing Sets for Boys & girls - Unisex Clothing sets Full Sleeve T-shirt Pant & Cap,https://www.amazon.in/dp/B0BGGZ3TJ3
272,152,Sponsored Ad - Googogaaga Boy's Cotton Full Sleeves Sweatshirt With Pant Set in Yellow Color (1Yrs),https://www.amazon.in/dp/B0B6RJBDPZ
273,153,Sponsored Ad - SATPURUSH Boys Cotton Blazer Style Formal Shirt and Pant Set with Bow Tie (pack of 1),https://www.amazon.in/dp/B0BGDSFRSH
274,154,Sponsored Ad - Hopscotch Boys Cotton and Spandex Formal Set,https://www.amazon.in/dp/B07G37215T
275,155,Sponsored Ad - TWGE Women's Cotton Solid Floor Length Nighty,https://www.amazon.in/dp/B07TWRWS6Z
276,156,Sponsored Ad - Real Basics Women's Cotton Animal Print Pajama Set Pack of 2,https://www.amazon.in/dp/B08ZNNY1J3
277,157,"Sponsored Ad - UNIFORM CRAFT Women's Polyester and Cotton Twill Lab Coat, White",https://www.amazon.in/dp/B01N316FQO
278,158,Sponsored Ad - Real Basics Women's Cotton All Over Printed Pyjama(Pack of 2),https://www.amazon.in/dp/B08ZNPZ3FL
279,159,NAINVISH Women/Girl's Pure Cotton Paisley Printed Kaftan Top with Pant (SD222-224_KB),https://www.amazon.in/dp/B09PBYLQFQ
280,160,GRECIILOOKS Women's Tie-dye Loose Fit Flared Wide Leg Palazzo Pants | Relaxed Pants | Loose Bottom,https://www.amazon.in/dp/B0B6WBBDP6
281,161,GoSriKi Women's Cotton Blend Straight Embroidered Kurta with Pant & Dupatta,https://www.amazon.in/dp/B0B4FXJMRM
282,162,"Sponsored Ad - Fshway Clip-on Mock Lace Camisole for Women Cotton Deep Neck Cleavage Cover Cami Secret (Black, White, Beig...",https://www.amazon.in/dp/B09N1MJ49H
283,163,Sponsored Ad - FIMALIA Women's Cotton Clip-on Mock Lace Camisole Camii Secret (Free Size) - Set of 3,https://www.amazon.in/dp/B0BHTT9VFS
284,164,Sponsored Ad - ANZAILALA Ladies Lace Gloves Full Finger Bridal Lace Gloves Fashion Net Gloves Long Floral Gloves for Women,https://www.amazon.in/dp/B09PBXK82B
285,165,Sponsored Ad - Real Basics Women's Cotton All Over Printed Pyjama(Pack of 2),https://www.amazon.in/dp/B08ZNPZ3FL
286,166,BLINKIN Stretchable Yoga Pants for Women & Gym Pants for Women Workout with Mesh Insert & Side Pockets (1869),https://www.amazon.in/dp/B07RPXLQL3
287,167,OM SAI LATEST CREATION Women's Slub Cotton Mor Pankh Printed Anarkali Kurti New Selection 2023 Under 399 Designer Attracti...,https://www.amazon.in/dp/B08QZCZPLT
288,168,"DROPOSALE (36 Strips Fashion Body Tape, Clear Fabric Strong Double Sided Tape for Clothes Dress Bra Skin Bikini (Pack of 1)",https://www.amazon.in/dp/B09YCWCSYB
289,169,Van Heusen Athleisure Women Antibacterial Relaxed Fit Lightweight Track Pants with Pockets,https://www.amazon.in/dp/B08LV8GML6
290,170,Sponsored Ad - ANZAILALA Ladies Lace Gloves Full Finger Bridal Lace Gloves Fashion Net Gloves Long Floral Gloves for Women,https://www.amazon.in/dp/B09PBXK82B
291,171,Sponsored Ad - Real Basics Women's Cotton All Over Printed Pyjama(Pack of 2),https://www.amazon.in/dp/B08ZNPZ3FL
292,172,Sponsored Ad - Lux Cottswool V Neck Full Sleeves Upper and Lower Thermal Set for Women,https://www.amazon.in/dp/B0BH7YQW7R
293,173,"Sponsored Ad - bellamy Cotton Robes,Housecoat, Nighty, Sleepwear, Night Gown for Women Ladies House Coat, Front Open Adjus...",https://www.amazon.in/dp/B09F3RWXXL
294,174,"JUNEBERRY Women Sweatshirt with Hoodies, Fleece Material Full Sleeves Jumper Women Winter Wear, Hooded Neck Regular Fit Lo...",https://www.amazon.in/dp/B09FFD5G4H
295,175,"Women's Polo Collar Full Sleeves Crop Top Rib Knit Tank CT-07 (X-Small, White)",https://www.amazon.in/dp/B0BHSDBP7W
296,176,"CHARNEST Women's Rayon Maternity Dress, Pregnancy Dress, Easy Breast Feeding, Breast Feeding Dress Zippers for Nursing Pre...",https://www.amazon.in/dp/B0BC27MZ62
297,177,Alan Jones Clothing Women's Solid Comfort Fit Cotton Joggers Track Pant,https://www.amazon.in/dp/B0C1P563ZF
298,178,Stylum Women's Floral Print Rayon A-Line Kurta,https://www.amazon.in/dp/B0B4FWV8L3
299,179,GoSriKi Women's Cotton Straight Kurta with Pant,https://www.amazon.in/dp/B08DD1SM5F
300,180,Uptownie Lite Women's Maxi Jumpsuit,https://www.amazon.in/dp/B079JW5P8B
301,181,ANNI DESIGNER Women's Cotton Blend Printed Straight Kurta with Pant & Dupatta (Itta STY),https://www.amazon.in/dp/B0B25HHRPG
302,182,HSR Winter Warm Leggings Women Elastic Thermal Legging Pants Fleece Lined Thick Tights,https://www.amazon.in/dp/B0BSXBZL51
303,183,OM SAI LATEST CREATION Women Lycra Sweatshirt with Sleepwear Nightwear & Workout Clothes Gym Wea TracksuitsYoga Jogging Tr...,https://www.amazon.in/dp/B0BLVGZQ4S
304,184,KOTTY Women Polyester Blend Green Solid Trousers,https://www.amazon.in/dp/B0B49XFD97
305,185,DMP FASHION Women's Rayon Heavy Embroidery Classic Baby Pink Top,https://www.amazon.in/dp/B09FTD5T6V
306,186,KUMKUM NARROW FAB Women's Soft Silk Printed Fully Stitched Shirt,https://www.amazon.in/dp/B0BB7P7LFL
307,187,UZARUS Women's Slim Fit Joggers,https://www.amazon.in/dp/B085VHLJZF
308,188,Azira Front Open Longline Printed Shrug for Women and Girl,https://www.amazon.in/dp/B0BSXQ9R9M
309,189,Istyle Can Dress for Women Solid Belted Wrap Dress with Bishop Sleeves Surplice Neck High Waist & Flared Hem Midi Dress fo...,https://www.amazon.in/dp/B0BTD18GGY
310,190,Women's Cotton Floral Printed Anarkali Maternity Feeding Kurti,https://www.amazon.in/dp/B09RZHP9GF
311,191,Sponsored Ad - ANZAILALA Ladies Lace Gloves Full Finger Bridal Lace Gloves Fashion Net Gloves Long Floral Gloves for Women,https://www.amazon.in/dp/B09PBXK82B
312,192,Sponsored Ad - Lux Cottswool V Neck Full Sleeves Upper and Lower Thermal Set for Women,https://www.amazon.in/dp/B0BH7YQW7R
313,193,Sponsored Ad - Uptownie Lite Women's Maxi Jumpsuit,https://www.amazon.in/dp/B08N4WNKC4
314,194,Sponsored Ad - Hangout Hub Women's Cotton Regular Fit Floral Print Light Green Color Night Suit Set of Front Buttom Shirt...,https://www.amazon.in/dp/B0BW949WQN
315,195,LookMark Women's Tie Dye Printed Short Sleeve Long Tracksuit PJ 2 Piece Co-ord Set(NW02 Night Suit Long),https://www.amazon.in/dp/B0BGPM1L6R
316,196,GRECIILOOKS Women's Tie-Dye Joggers Stretchable Pants | Slim Fit Casual Joggers for Women | Straight Relaxed Fit Trousers...,https://www.amazon.in/dp/B0B4VR1MFK
317,197,Ap'pulse Women's 1/4 Zip Slimfit Raglan Sleeve Tshirt,https://www.amazon.in/dp/B06XPJL3F6
318,198,"DHRUVI TRENDZ Women's Relaxed Fit & Stretchable With Hoodie Neck Workout Top & Bottom Sets, For Yoga | For Sports | For Tr...",https://www.amazon.in/dp/B0BR56GQ16
319,199,Fast Fashions Women's Tie-Dye Co-Ords Set,https://www.amazon.in/dp/B0BRSQSL3S
320,200,"Sun Fashion And Lifestyle Women's Cotton Print Unstitched Salwar Suit Material, 2 Mtr Printed Cotton Salwar, Stylish Chiff...",https://www.amazon.in/dp/B09QYVWSF5
321,201,Miss Chase Women's Multicolored Round Neck 3/4th Sleeves Tie-Up Tassel Detailing Side and Front Slit Maxi Top,https://www.amazon.in/dp/B07PRXL4GS
322,202,Aahwan Women's & Girls' Solid Split Hem Flare Leg Pants Trouser,https://www.amazon.in/dp/B0BTD7ZGY2
323,203,EthnicJunction Women's Georgette Embroidered Unstitched Salwar Suit Dress Material,https://www.amazon.in/dp/B09H49ZX33
324,204,Aahwan Women's & Girls' High Waist Korean Baggy Pants,https://www.amazon.in/dp/B0C1ZPTGRR
325,205,Stylum Women's Self Woven Kantha Cotton Cord Set,https://www.amazon.in/dp/B0BTYTSQG3
326,206,Ritu Creation Women’s Clip-on Camisole Camisecret-Set of 3 (Free size) Black White Beige,https://www.amazon.in/dp/B07B94Z577
327,207,Amayra Women's Rayon Printed Anarkali Kurti with Palazzos and Dupatta Set,https://www.amazon.in/dp/B0B4682SML
328,208,Pistaa's Women's Cotton Regular Printed Kurta,https://www.amazon.in/dp/B0C3MDGTFM
329,209,"Fear-less Generic Tape Double Sided Tape for Industrial, Walls, Fashion and Body Uses- Multi Purpose Uses -36 Count (Packa...",https://www.amazon.in/dp/B01K2CMFVM
330,210,Alan Jones Clothing Women's Solid Comfort Fit Cotton Joggers Track Pant,https://www.amazon.in/dp/B0C1P563ZF
331,211,Allen Solly Women's Regular Track Pants,https://www.amazon.in/dp/B094XG9YK3
332,212,Lymio Dresses for Women (518),https://www.amazon.in/dp/B09R1Y99V6
333,213,Leriya Fashion Women's Joggers Harem Pants Lightweight Athletic Tapered Lounge Pants for Workout Yoga Running with Pockets,https://www.amazon.in/dp/B09XF9MMVB
334,214,Lymio Dresses for Women || Western Dresses for Women || Dress for Women || Dresses (632),https://www.amazon.in/dp/B0BVBKWNH2
335,215,"Masq By Q-One Floral Reusable, Washable, Anti-Bacterial (BFE>99%) 4 Layer Embroidered, Fashionable Cotton Cloth Face Mask ...",https://www.amazon.in/dp/B08WJF7CMD
336,216,CHKOKKO Double Layered Sports Gym Workout Running Shorts for Women,https://www.amazon.in/dp/B08VRQ7278
337,217,RARE Women's Synthetic a-line Knee-Long Dress,https://www.amazon.in/dp/B07NTC31XW
338,218,Amazon Brand - Eden & Ivy Women Pajama Set,https://www.amazon.in/dp/B07S6NXRKN
339,219,Mittal Enterprises Winter Thermal Toe Skin Color Wool Heavy Warm Ankle Length Women Socks (Pack of 2),https://www.amazon.in/dp/B0B5NDGH5F
340,220,Fabricorn Stylish Plain Up and Down Cotton Tshirt for Women,https://www.amazon.in/dp/B089FKJND8
341,221,Jockey 1467 Women's Super Combed Cotton Rib Fabric Slim Fit Solid Racerback Styled Tank Top,https://www.amazon.in/dp/B014CLL42U
342,222,Leriya Fashion Western Dresses for Women | Short A-Line Dress for Girls,https://www.amazon.in/dp/B0BDVRRJ3H
343,223,Lymio Dresses for Women White Color Women Dress (537),https://www.amazon.in/dp/B09Z1Y1P19
344,224,Shiv Textiles Women's Polyester Ready To Wear Saree With Golden Belt Or Unstitched Blouse Piece.,https://www.amazon.in/dp/B0BSFNS2J1
345,225,"Women Sports Shorts, Dancing Workout, Running Yoga Shorts Pant/Shorts for Women's/Girl's Stylish-Black",https://www.amazon.in/dp/B09X1FR1J7
346,226,GRECIILOOKS Women's Rayon Full Sleeve A-Line Knee-Length Western Dresses for Women or Girls Western Dress,https://www.amazon.in/dp/B09TJC25NC
347,227,Sponsored Ad - BLINKIN Women's Skinny Fit Trackpants,https://www.amazon.in/dp/B07931P114
348,228,Sponsored Ad - Janasya Women's Dark Blue Cotton Floral Print Flared Kurta,https://www.amazon.in/dp/B0B3MQ8ZRJ
349,229,Sponsored Ad - Janasya Women's Navy Blue Cotton Floral Print Flared Kurta,https://www.amazon.in/dp/B0B3MPKTYP
350,230,Sponsored Ad - The Headscarves Women's Viscose Sleep Cap,https://www.amazon.in/dp/B07MYZHL82
351,231,Jockey 1467 Women's Super Combed Cotton Rib Fabric Slim Fit Solid Racerback Styled Tank Top,https://www.amazon.in/dp/B014CLL42U
352,232,CHKOKKO Double Layered Sports Gym Workout Running Shorts for Women,https://www.amazon.in/dp/B08VRQ7278
353,233,Zilcon Women's Waffle (Cotton) Round Neck Long Sleeve Tunic Tops with Oversized Casual T Shirts for Women Womens Loose Top...,https://www.amazon.in/dp/B0BTDB53K7
354,234,Fast Fashions Women's Tie-Dye Co-Ords Set,https://www.amazon.in/dp/B0BRSQSL3S
355,235,"HSR Sweat Shapewear Vest Belt for Women, Polymer Shapewear, Workout for Weight Loss Waist Body Slimming, Trainer",https://www.amazon.in/dp/B08FMS6VBL
356,236,DHRUVI TRENDZ Women Rayon Casual Wear Western Dress Gown for Girl/Women/Ladies,https://www.amazon.in/dp/B09PGFD7TW
357,237,LEOTUDE Women Cottonblend Half Sleeve Oversized Combo T-Shirts (Pack of 3),https://www.amazon.in/dp/B0BRN5KXSR
358,238,Fabricorn Stylish Plain Up and Down Cotton Tshirt for Women,https://www.amazon.in/dp/B089FKJND8
359,239,"KERI PERRY Women's Chiffon Western Dress(Sky Blue) Dress for Women, Dress",https://www.amazon.in/dp/B0BSNVVCVQ
360,240,BLINKIN Gym wear Mesh Leggings Workout Pants with Side Pockets/Stretchable Tights/Highwaist Sports Fitness Yoga Track Pant...,https://www.amazon.in/dp/B07SRG3D7N
361,241,Lymio Tops for Women || Tops for Women Women Tops || Tops || top for Women || top || Women top (598-601),https://www.amazon.in/dp/B0BSXKXV64
362,242,PANASH TRENDS Women's Jacquard Silk Salwar Suit Un-Stitched,https://www.amazon.in/dp/B09HKPH8M3
363,243,Sponsored Ad - Lux Cottswool V Neck Full Sleeves Upper and Lower Thermal Set for Women,https://www.amazon.in/dp/B0BH7YQW7R
364,244,"Sponsored Ad - bellamy Cotton Robes,Housecoat, Nighty, Sleepwear, Night Gown for Women Ladies House Coat, Front Open Adjus...",https://www.amazon.in/dp/B09F3RWXXL
365,245,Sponsored Ad - Real Basics Women's Cotton Animal Print Pajama Set Pack of 2,https://www.amazon.in/dp/B08ZNNY1J3
366,246,Sponsored Ad - Uptownie Lite Women's Maxi Jumpsuit,https://www.amazon.in/dp/B08N4WNKC4
367,247,"SRS Boho Headbands, Cross Wraps Headbands for Women & Girls Cloth Fabric Headbands (Pack of 6)",https://www.amazon.in/dp/B0966P4D8F
368,248,Van Heusen Athleisure Gym Joggers,https://www.amazon.in/dp/B07J58TTHK
369,249,"Womens top and Shirt,Fabric :Summer Cool,Color:White",https://www.amazon.in/dp/B0BLF2NJMY
370,250,Lymio Women's Regular Top,https://www.amazon.in/dp/B09B2LBG7Q
371,251,Amazon Brand - Symbol Women Winter Track Pants,https://www.amazon.in/dp/B08FS3Z1GS
372,252,HSR Winter Warm Leggings Women(26 to 34 Waist) Elastic Stretchable Thermal Legging Pants Fleece Lined Thick Tights,https://www.amazon.in/dp/B0BYS2FK3K
373,253,Alexvyan Thick Fur Lined Warm Slim Fit Women Winter Thermal Soft Fleece Legging,https://www.amazon.in/dp/B07YR2SVYS
374,254,Cloth Bites Designer Regular Rayon Anarkali Kurti with 3/4th Sleeves Fully Stitched for Womens,https://www.amazon.in/dp/B0BM44513G
375,255,"Sun Fashion And Lifestyle Women's Ikkat Cotton Unstitched Salwar Suit Dress Material, 2 Mtr Cotton Salwar, Stylish Ikkat D...",https://www.amazon.in/dp/B09Z7YW437
376,256,Women's Cotton Non-padded Wire Free Plunge Bra,https://www.amazon.in/dp/B08YKG8C1F
377,257,Alan Jones Clothing Women's Slim Fit Poly Cotton Track Pant,https://www.amazon.in/dp/B095CK5J3C
378,258,"CHIMMET Double Sided Tape for Fashion and Body Tape for Clothes Fashion Dressing Tape/Invisible Double-sided Body Tape, Cl...",https://www.amazon.in/dp/B0BXV1VBTH
379,259,Clovia Women's Snug Fit Active High Rise Tights - Green,https://www.amazon.in/dp/B09LR887JX
380,260,"TRASA Women's Tech Stretch Short-Sleeve Round-Neck Gym Sports T-Shirt - Available Sizes - S, M, L, XL, 2XL, 3XL",https://www.amazon.in/dp/B0BC9445H5
381,261,Fabricorn Stylish Plain Green Long Sleeve Cotton Tshirt for Women (Green),https://www.amazon.in/dp/B08L9D3G52
382,262,"BLINKIN Women's Gym Wear Tights | Track Pants with Mesh Insert & Side Pockets : Ideal for Active Wear, Yoga & Workout - Th...",https://www.amazon.in/dp/B0BTZ4J49G
383,263,Sun Fashion And Lifestyle woven dress material for women (Jacquard 1; Free Size),https://www.amazon.in/dp/B09GVX4XGM
384,264,Fabricorn Women's Fleece Collared Neck Sweatshirt,https://www.amazon.in/dp/B082R93PP8
385,265,BLINKIN Women's Gym Wear Tights | Track Pants for Women with Side Pockets : Ideal for Yoga & Workout - The Ultimate Gym Pa...,https://www.amazon.in/dp/B0BWWKVKSP
386,266,Allen Solly Women's Regular Track Pants,https://www.amazon.in/dp/B094XG9YK3
387,267,RNG EKO GREEN Seamless Fitness/Gym/Yoga/Sports/Track Suit for Women,https://www.amazon.in/dp/B09D8R8MZ7
388,268,"La Ella Women Double Sided Tape for Clothes - Fashion Body Tape with Stronghold, Invisible & Gentle on Skin and Fabric",https://www.amazon.in/dp/B0BZNT6M8C
389,269,"Masq By Q-One Floral Reusable, Washable, Anti-Bacterial (BFE>99%) 4 Layer Embroidered, Fashionable Cotton Cloth Face Mask ...",https://www.amazon.in/dp/B08WJF7CMD
390,270,"ANUGRAHA Tracksuit Tiger Printed Top & Leggings Pants Full Sleeve Outfit Set for Girls Women's Yoga Track Suit Pants, Jogg...",https://www.amazon.in/dp/B0BYVB55G5
391,271,Lymio Women Dress,https://www.amazon.in/dp/B09NZHFFBF
392,272,Amazon Brand - Symactive Women Sports Bra,https://www.amazon.in/dp/B09D9PJVJH
393,273,Greciilooks Women's 2022 Fall Clothes Slub Rayon Trim Shirts Cap Sleeve Coller Neck Casual Plain Tops Blouse (White_Medium),https://www.amazon.in/dp/B0BLK1TVXM
394,274,"BE SAVAGE Full Sleeves Co Ords Tracksuit(Top & Leggings) For Women(Suitable for Yoga,Jogging & Gym)",https://www.amazon.in/dp/B09XN532X6
395,275,MEERA FAB Women's Cotton Printed Printed Straight Embroidery Kurta with Palazzo & Dupatta Set,https://www.amazon.in/dp/B0BVN1F6NK
396,276,ZUVINO Women's Maternity Feeding Tops for Mothers with Zip | Nursing Tops for Feeding Baby | Feeding Tops for Jeans | Plus...,https://www.amazon.in/dp/B0BC2415KK
397,277,Sponsored Ad - Hangout Hub Women's Cotton Regular Fit Floral Print Light Green Color Night Suit Set of Front Buttom Shirt...,https://www.amazon.in/dp/B0BW949WQN
398,278,Sponsored Ad - Fashion SAY Women's Muslin Cotton Blend Embroidered Floral Digital Printed Straight Kurta with Pant & Dupat...,https://www.amazon.in/dp/B0BW4HZRF4
399,279,Sponsored Ad - Janasya Women's Dark Blue Cotton Floral Print Flared Kurta,https://www.amazon.in/dp/B0B3MQ8ZRJ
400,280,Sponsored Ad - Ellixy Women's Cotton Blend Thermal 3/4th Sleeves Top and Trouser/Female Thermal/Ladies Thermal Set (Pack o...,https://www.amazon.in/dp/B0B5GV7Z5M
401,281,"Fabme Women's Textured Material, Horizontal Zip, Nursing Nighty",https://www.amazon.in/dp/B07RPNXJJ9
402,282,Style Quotient Women Grey Solid,https://www.amazon.in/dp/B09PLG4994
403,283,LEOTUDE Women's Cottonblend Half Sleeve Oversized Drop Shoulder T-Shirt (Color: Neon Green),https://www.amazon.in/dp/B0BCQYRGV3
404,284,Pistaa's Women's Cotton Regular Printed Kurta,https://www.amazon.in/dp/B0C3MDGTFM
405,285,Alexvyan Girls Slips,https://www.amazon.in/dp/B0BSFXDRMZ
406,286,Preneum Women Top,https://www.amazon.in/dp/B0B56P34KW
407,287,Unbeatable Womens Compression Top T-Shirt for Gym Sports Yoga Swimming Running Full Sleeve,https://www.amazon.in/dp/B09Y36VQP1
408,288,Rajnandini Women's Red Cotton Printed Unstitched Salwar Suit Material(JOPLVSM4031),https://www.amazon.in/dp/B082J216BT
409,289,MIZAGO Women's Top,https://www.amazon.in/dp/B091Y2V7JY
410,290,Bildos Cotton Cloth 3 Layer Super Breathable Without Valve Women's Face Mask Reusable & Washable Designer (Multicolour) - ...,https://www.amazon.in/dp/B08XC45ZPN
411,291,"Double Sided Tape for Fashion, Clothing and Body (50 Strip Pack) | All Day Strength Tape Adhesive and Gentle on Skin and F...",https://www.amazon.in/dp/B0C37VW6ND
412,292,Sponsored Ad - Real Basics Women's Cotton Animal Print Pajama Set Pack of 2,https://www.amazon.in/dp/B08ZNNY1J3
413,293,Sponsored Ad - Uptownie Lite Women's Maxi Jumpsuit,https://www.amazon.in/dp/B08N4WNKC4
414,294,Sponsored Ad - Janasya Women's Dark Blue Cotton Floral Print Flared Kurta,https://www.amazon.in/dp/B0B3MQ8ZRJ
415,295,Sponsored Ad - Fashion SAY Women's Muslin Cotton Blend Embroidered Floral Digital Printed Straight Kurta with Pant & Dupat...,https://www.amazon.in/dp/B0BW4HZRF4
416,296,BLINKIN Stretchable Gym Pants for Women & Tights for Women Workout with Mesh Insert & Side Pockets (2670),https://www.amazon.in/dp/B081VFLXKK
417,297,VRPRIME 100 Strips Body Tape for Women Boob Tape Fashion Double Sided Tape for Clothes Bra Fabric | Invisible & Gentle on ...,https://www.amazon.in/dp/B0BH1RMPGP
418,298,"FIMALIA 36 & 72 Pc Double Sided Tape for Clothes Bra Stickers One-off Body Skin Tape,Invisible Clear Bra Clothing Tape Str...",https://www.amazon.in/dp/B0B69GVFGF
419,299,"GRECIILOOKS Women's Cotton Lycra Tie-Dye Winter Wear Night Suit Set Night Dress,Full Pair Set | Tracksuit with Hoodie Swea...",https://www.amazon.in/dp/B0BHDZWZJ7
420,300,"AZRMOH double sided body fashion tape for women clothes, Double Sided transparent cloth sticking Skin Tape for women, Clot...",https://www.amazon.in/dp/B0BSNCZKTB
421,301,UZARUS Women's Thermal Top and Lower Set,https://www.amazon.in/dp/B07KN2JDVF
422,302,DFR Reversible Cotton Reusable Cloth Mask With Adjustable Ear Loop (Multicolor Without Valve Pack of 5) For Women Men,https://www.amazon.in/dp/B08J3Z6Y8B
423,303,ROYALICA Beautiful Black Sheer coord Set (top and Shirt) Korean Tops for Women,https://www.amazon.in/dp/B0BFBSLK2H
424,304,"Boldfit Gym Headband for Men and Women - Sports Headband for Workout & Running, Breathable, Non-Slip & Quick Drying Head B...",https://www.amazon.in/dp/B09B2BRGPQ
425,305,Mittal Enterprises Winter Thermal Toe Skin Color Wool Heavy Warm Ankle Length Women Socks (Pack of 2),https://www.amazon.in/dp/B0B5NDGH5F
426,306,Amazon Brand - Symbol Women Sweatshirt,https://www.amazon.in/dp/B07TQ8QLKG
427,307,Preneum Women's Georgette Floral Print Maxi Dress,https://www.amazon.in/dp/B0BRY3L8RK
428,308,"Double Sided Tape for Clothes Fashion Dressing Tape/Invisible Double-sided Body Tape, Clothing Bra Strip, Bikini Tape for ...",https://www.amazon.in/dp/B0BYJWFNS7
429,309,Boldfit Winter Wear for Women Winter Cap for Men Woolen Cap for Men Beanie Cap for Men Winter Gloves for Men Winter Clothi...,https://www.amazon.in/dp/B0BLK1F584
430,310,Wedani Women's Casual Puff Sleeves V Neck Foral Top,https://www.amazon.in/dp/B0BN41S1C5
431,311,"CURISSA Double Sided Tape for Clothes Fashion Dressing Tape/Invisible Double-sided Body Tape, Clothing Bra Strip, Bikini T...",https://www.amazon.in/dp/B0BRTWML1T
432,312,Mumkey Womens Cotton Striped Maternity Midi Dress with Front Zip for Nursing,https://www.amazon.in/dp/B09NNG9WJW
433,313,Alan Jones Clothing Women's Slim Fit Poly Cotton Track Pant,https://www.amazon.in/dp/B09991XNPR
434,314,Alan Jones Clothing Women's Slim Fit Poly Cotton Track Pants,https://www.amazon.in/dp/B07RD5S6V2
435,315,BLINKIN Gym wear Mesh Leggings Workout Pants with Side Pockets/Stretchable Tights/Highwaist Sports Fitness Yoga Track Pant...,https://www.amazon.in/dp/B07SXRCPZ6
436,316,Whitewhale Mens Women Cotton Stripe Aladdin Loose Baggy Boho Hippie Harem Pants,https://www.amazon.in/dp/B0B56DHMGD
437,317,Dhruvi Women's Printed Rayon Anarkali Maternity Dress with Zippers,https://www.amazon.in/dp/B0BFRFM9X3
438,318,Lappen Fashion Women T-Shirt,https://www.amazon.in/dp/B0BRJRNPLL
439,319,"Fearless Double Sided Tape for Fashion, Clothing and Body - 50 Strips | All Day Strength Adhesive Tape | Gentle on Skin an...",https://www.amazon.in/dp/B0C3BNPNHD
440,320,Amazon Brand - Inkast Denim Co. Women's Regular Track Pants,https://www.amazon.in/dp/B08FRZ7RGL
441,321,Lux Inferno Women's Cotton Thermal Top,https://www.amazon.in/dp/B017USH7MI
442,322,SIGHTBOMB Women's Cotton Blend Round Neck Cardigans,https://www.amazon.in/dp/B09X48NGY1
443,323,GLAMORAS Women’s Double Sided Fashion Tape for Bra/Lingerie/Dresses/Clothing Tape for Skin with Dispenser (5m/16.4Ft/Roll),https://www.amazon.in/dp/B08439SXSY
444,324,"MASQ By Q-One Blossom Reusable, Washable, Anti-Bacterial (BFE>99%) 4 Layer Embroidered, Fashionable Cotton Cloth Face Mask...",https://www.amazon.in/dp/B08D3VL1C6
445,325,Aston Andia 4m Waist Trainer for Women Under Clothes Waist Wrap Invisible Tummy Wraps for Stomach Free Size Black,https://www.amazon.in/dp/B09X5QVPZ1
446,326,Sponsored Ad - Hangout Hub Women's Cotton Regular Fit Floral Print Light Green Color Night Suit Set of Front Buttom Shirt...,https://www.amazon.in/dp/B0BW949WQN
447,327,Sponsored Ad - The Headscarves Women's Viscose Sleep Cap,https://www.amazon.in/dp/B07MYZHL82
448,328,Sponsored Ad - Ellixy Women's Cotton Blend Thermal 3/4th Sleeves Top and Trouser/Female Thermal/Ladies Thermal Set (Pack o...,https://www.amazon.in/dp/B0B5GV7Z5M
449,329,Sponsored Ad - BLINKIN Women's Skinny Fit Trackpants,https://www.amazon.in/dp/B07931P114
450,330,Sponsored Ad - The Pant Project Luxury PV Stretchable Casual Pants for Men | Stylish Slim Fit Men's Wear Trousers for Offi...,https://www.amazon.in/dp/B0B5TDSTS8
451,331,Sponsored Ad - 0-DEGREE Men's Running Shorts,https://www.amazon.in/dp/B01FDK9PSY
452,332,Sponsored Ad - VEGO Men's Regular Fit Capris,https://www.amazon.in/dp/B01BWL1EDM
453,333,"Sponsored Ad - McHenry Mens' Regular Fit PolyViscose Checkered Formal Trousers, Trousers",https://www.amazon.in/dp/B07FNMWKSK
454,334,Lymio Casual Shirt for Men|| Shirt for Men|| Men Stylish Shirt || Men Printed Shirt (Mistry),https://www.amazon.in/dp/B0BRKHXG3V
455,335,Allen Solly Men's Slim Fit Shirt,https://www.amazon.in/dp/B07DMVHSQ1
456,336,Lymio Casual Shirt for Men|| Shirt for Men|| Men Stylish Shirt || Men Printed Shirt (Patta),https://www.amazon.in/dp/B0BRKJ4NBH
457,337,Sponsored Ad - Dixcy Scott Maximus Men Vest,https://www.amazon.in/dp/B09S3LHSLK
458,338,"Sponsored Ad - McHenry Mens' Regular Fit PolyViscose Checkered Formal Trousers, Trousers",https://www.amazon.in/dp/B07FNMWKSK
459,339,Sponsored Ad - 0-DEGREE Men's Running Shorts,https://www.amazon.in/dp/B01E2Y07LQ
460,340,Sponsored Ad - CBlue Men's Outdoor Quick Dry Lightweight Sports Shorts Zipper Pockets,https://www.amazon.in/dp/B08SW1PJTD
461,341,GETCHI Men's Plain Shiny Solid Full Sleeves Regular Fit Formal Shirts,https://www.amazon.in/dp/B09V2ZY14R
462,342,Neymar 10 Football Jersey 2022/23 with Shorts (Kids & Men),https://www.amazon.in/dp/B0BX44HN8P
463,343,Amazon Brand - Symbol Men Dress Pants,https://www.amazon.in/dp/B07YT179J4
464,344,Sponsored Ad - VIMAL JONNEY Multicolor Cotton Blend Pyjamas for Men(Pack of 2)-D1_0002-P,https://www.amazon.in/dp/B09B7PV8F5
465,345,"Sponsored Ad - McHenry Mens' Regular Fit PolyViscose Checkered Formal Trousers, Trousers",https://www.amazon.in/dp/B07FNMWKSK
466,346,Sponsored Ad - CBlue Men's Outdoor Quick Dry Lightweight Sports Shorts Zipper Pockets,https://www.amazon.in/dp/B08SW1PJTD
467,347,Sponsored Ad - Dennis Lingo Men's Solid Chinese Collar Casual Shirt,https://www.amazon.in/dp/B07VXVVPHG
468,348,SHAUN Men's Regular Fit Track pants,https://www.amazon.in/dp/B088RGMZF4
469,349,Red Tape Cotton Solid Casual Joggers for Men | Comfortable & Breathable,https://www.amazon.in/dp/B0BSRXVHBJ
470,350,Jompers Men's Jacquard Silk Kurta and Pyjama,https://www.amazon.in/dp/B07TMQ6NRC
471,351,Neo Garments Men's Cotton Trackpants | (Sizes from : Medium to 9XL) |,https://www.amazon.in/dp/B093X4KSQ5
472,352,Zartha Men Solid Casual Cotton Shirt,https://www.amazon.in/dp/B09BZFLNLT
473,353,Lymio Casual Shirt for Men|| Shirt for Men|| Men Stylish Shirt || Men Printed Shirt (Shed Floral),https://www.amazon.in/dp/B0BRKKS69N
474,354,Allen Solly Men's Skinny Jeans,https://www.amazon.in/dp/B09CLGWGJK
475,355,Allen Solly Men's Cotton Crew Neck Sweatshirt,https://www.amazon.in/dp/B07DPT9KDM
476,356,"SATPURUSH Men's Soft Cotton Lycra Digital Printed Casual Sleepwear & Loungewear Nightdress, Regular Fit Round Neck Short S...",https://www.amazon.in/dp/B0BX923F3X
477,357,Dennis Lingo Men's Solid Slim Fit Cotton Casual Shirt with Spread Collar & Full Sleeves,https://www.amazon.in/dp/B079SLJPT1
478,358,DENIMHOLIC Men's Cotton Turtle Neck Sweater,https://www.amazon.in/dp/B098LSNGBW
479,359,LookMark Men's Poly Cotton Digital Printed Stitched Half Sleeve Shirt,https://www.amazon.in/dp/B094J7DD35
480,360,IndoPrimo Men's Regular Fit Casual Shirt,https://www.amazon.in/dp/B09MYLKRNT
481,361,Dennis Lingo Men's Solid Slim Fit Casual Shirt,https://www.amazon.in/dp/B071H7SZ1R
482,362,Diverse Men Formal Shirt,https://www.amazon.in/dp/B075KKF5XL
483,363,SWADESI STUFF Dry Fit Track Pant for Men | Slim Fit Running Gym Stretchable Jogger,https://www.amazon.in/dp/B0BDWP8SYK
484,364,Urbano Fashion Men's Printed Full Sleeve Slim Fit Cotton T-Shirt,https://www.amazon.in/dp/B08JQJYRZW
485,365,Sponsored Ad - FYLTR Men's Straight Fit Stretch Cotton Khaki Shorts - Soft Handfeel,https://www.amazon.in/dp/B0BYZRQ677
486,366,"Sponsored Ad - Van Heusen Men Boxer Briefs - 100% Combed Cotton - Pack of 2 - Anti Bacterial, Colour Fresh, Quick Dry",https://www.amazon.in/dp/B073WCXDKX
487,367,Sponsored Ad - FYLTR Men's Solid Rayon Casual Shirt with Resort Collar & Half Sleeves,https://www.amazon.in/dp/B0BYZMLW9N
488,368,Sponsored Ad - DYRECTDEALS Men's Regular Fit Striped Polo T-Shirts,https://www.amazon.in/dp/B0BVMQSXRQ
489,369,Dennis Lingo Men Casual Shirts,https://www.amazon.in/dp/B07HK6NT81
490,370,ENDEAVOUR WEAR Men's Regular Fit Trackpants,https://www.amazon.in/dp/B08Z3P78SL
491,371,Diverse Men Casual Shirt,https://www.amazon.in/dp/B099MN4VCH
492,372,JUGULAR Men's Polyester Solid Men Stylish Cargo Track Pants,https://www.amazon.in/dp/B0BM39QXHX
493,373,Amazon Brand - Inkast Denim Co. Men's Slim Fit Casual Shirt,https://www.amazon.in/dp/B07GTGJT74
494,374,"Campus Sutra Men's Cotton Colour-Blocked Denim Jacket with Hoodie | Structured Jacket with Comfort Fit, Regular Full Sleev...",https://www.amazon.in/dp/B07FQHPLV4
495,375,Allen Solly Men's Regular Fit Polo,https://www.amazon.in/dp/B06Y2FG6R7
496,376,Rock Paper Scissors Mens Hoodie Tank Top Workout Super Men Vests Gym Vest,https://www.amazon.in/dp/B09GG7JX6H
497,377,Peppyzone Men's Camouflage Regular Fit Track Pant,https://www.amazon.in/dp/B079WL8BDN
498,378,Amazon Brand - Symbol Men Casual Trousers,https://www.amazon.in/dp/B07TKKQHG1
499,379,"Raymond Men's 1.25 m Unstitched Checkered Pant Piece (Grey, Free Size)",https://www.amazon.in/dp/B074RFHJD8
500,380,"Raymond Men's Unstitched 1.3 m Trouser (Grey, Free Size)",https://www.amazon.in/dp/B01AM3EF6Y
501,381,NEVER LOSE Mens 2 Pack Polyester Yoga Short Men Summer Running Gym Sports Shorts with Pockets Shorts for Men,https://www.amazon.in/dp/B0B1MMMKVQ
502,382,Jockey Men's Cotton Track Pants,https://www.amazon.in/dp/B01CE7XQ70
503,383,Red Tape Nylon Spandex Solid Athleisure Joggers for Men | Comfortable & Breathable,https://www.amazon.in/dp/B0BSN915F3
504,384,"Raymond Fabrics Makers Men's Viscose Unstitched Shirt and Trouser Fabric Combo (Multicolour, Free Size) - Set of 5",https://www.amazon.in/dp/B07PDSG4BW
505,385,JUARI BE A GENTLEMAN Hooded Vest,https://www.amazon.in/dp/B07RMZFJVJ
506,386,Amazon Brand - Symbol Men Dress Pants,https://www.amazon.in/dp/B07YT179J4
507,387,Allen Solly Men's Regular Fit Shirt,https://www.amazon.in/dp/B0B4T86QJ2
508,388,Amazon Brand - Symbol Men Casual Pants,https://www.amazon.in/dp/B0B396N57L
509,389,Jockey Mens Straight-fit Track Pants,https://www.amazon.in/dp/B00W05QSGI
510,390,Zexer Men Men Compression T-Shirt Gym and Sports Wear T-Shirt for Men | Body fit Skinny T-Shirt (Black,https://www.amazon.in/dp/B07TKK6YNT
511,391,"MASCARI Men's Regular Sleeveless Polyester Vest | Anti-Microbial | Anti Odor, Breath tech Super Soft & Comfort Fit Gym Ves...",https://www.amazon.in/dp/B0B7FD8T89
512,392,Red Tape Cotton Solid Casual Joggers for Men | Comfortable & Breathable,https://www.amazon.in/dp/B0BSRXVHBJ
513,393,Veirdo Fleece Material Regular Fit Full Sleeves Hooded Neck Navy & Maroon Colorblock Winter Wear Casual Jacket Sweatshirt ...,https://www.amazon.in/dp/B07ZBDVMXK
514,394,"Raymond Fabrics Makers Men's Unstitched Poly Cotton Plain Shirt and Trouser Fabric (Multicolour, Free Size) -Combo Set of 2",https://www.amazon.in/dp/B07YHXNT8D
515,395,SHAUN Men's Regular Fit Trackapant and Joggers,https://www.amazon.in/dp/B083D3FKJ3
516,396,Unbeatable Polyester Spandex Men's Sports Running Set Compression Shirt + Pants Skin-Tight Long Sleeves Quick Dry Fitness ...,https://www.amazon.in/dp/B09ZLBKR1C
517,397,SAPPER Men's Cotton Regular Fit Cargo Pants,https://www.amazon.in/dp/B079J2QGY3
518,398,Lux Cottswool Men's R-Neck Thermal Top and Lower Set,https://www.amazon.in/dp/B0BDFZNKFL
519,399,EYEBOGLER Men's Designer Half Sleeves Hooded Neck Printed T-Shirt Black WhiteEYEBOGLERMenWesternT-Shirt,https://www.amazon.in/dp/B09VLBR2CJ
520,400,SWADESI STUFF Dry Fit Addi Track Suit Set for Men | Slim Fit Perfect for Jogging and Lounging,https://www.amazon.in/dp/B0BY56L55X
521,401,Sponsored Ad - Laxeric Casual Shirt for Men|| Shirt for Men|| Men Stylish Shirt || Men Printed Shirt,https://www.amazon.in/dp/B0C2CD6JB3
522,402,Sponsored Ad - Laxeric Casual Shirt for Men|| Shirt for Men|| Men Stylish Shirt || Men Printed Shirt,https://www.amazon.in/dp/B0BZCR3HMP
523,403,Sponsored Ad - TRYB Pro Mens Sport Performance Stretch Underwear Quick Dry Moisture Wicking Athletic Active Kooltex Short ...,https://www.amazon.in/dp/B09CNVR1PH
524,404,"Sponsored Ad - Van Heusen Athleisure Men Knit Shorts - Cotton Rich - Smart Tech, Easy Stain Release, Anti Stat, Ultra Sof...",https://www.amazon.in/dp/B01M0H0T24
525,405,"Raymond Men's 1.25 m Unstitched Checkered Pant Piece (Grey, Free Size)",https://www.amazon.in/dp/B074RFHJD8
526,406,"Raymond Men's Viscose 1.25 m Unstitched Trouser Fabric (Beige, Free Size)",https://www.amazon.in/dp/B01I779AJ4
527,407,MANCREW Formal Pants for Men | Men's Slim fit Formal Pant Combo | Non Stretchable Trouser | Office wear Trousers,https://www.amazon.in/dp/B0B59K2G9J
528,408,MANQ Men's Slim Fit Single Breasted Blazer,https://www.amazon.in/dp/B01DF8ZZ8A
529,409,"Polyester Men's Joggers Regular Fit Stretchable Track Pant | Stylish Pajamas for Gym, Yoga and Running | Pack of 1 | Stret...",https://www.amazon.in/dp/B0BM5R82MK
530,410,BISMAADH Cotton Helmet Skull Cap (FreeSize),https://www.amazon.in/dp/B08ZSZL3L5
531,411,JUST RIDER Men's Sports Running Set Compression Shirt + Pants Skin-Tight Long Sleeves Quick Dry Fitness Tracksuit Gym Yoga...,https://www.amazon.in/dp/B0BTW2MYL4
532,412,"Siyaram's Men's Unstitched 2.25 m Trouser and Shirt Fabric Combo (Multicolour, Free Size), synthetic",https://www.amazon.in/dp/B01MRY9SNX
533,413,"Nivia Hook Cricket Jersey Set Half Sleeves for Men (XL, White)",https://www.amazon.in/dp/B07TN2SVBC
534,414,"KUNDAN SULZ GWALIOR Men's Executive Beige, Light Cadbury & Light Golden Color Fancy Formal Trouser Fabric (3 Pant Pieces f...",https://www.amazon.in/dp/B077QQRQFP
535,415,maikun Canvas Belt Men with Black Double D-ring Buckle Web Military Tactical Belt for Mens,https://www.amazon.in/dp/B07Q7NSX3B
536,416,"Raymond Men's Cotton Unstitched 1.30 m Trouser Fabric (Black, Free Size)",https://www.amazon.in/dp/B01MY1IA98
537,417,"Lymio Casual Shirt for Men|| Shirt for Men|| Men Stylish Shirt || Men Printed Shirt (Beach Blue,Red,Rama)",https://www.amazon.in/dp/B0BRKKC5JX
538,418,Sponsored Ad - Amazon Brand - Symbol Men Polo Shirt,https://www.amazon.in/dp/B07SK66BSJ
539,419,Sponsored Ad - U.S. POLO ASSN. Men Fashion Vest,https://www.amazon.in/dp/B09XMM5D8K
540,420,"Sponsored Ad - Van Heusen Men Boxer Briefs - 100% Combed Cotton - Pack of 2 - Anti Bacterial, Colour Fresh, Quick Dry",https://www.amazon.in/dp/B073WCXDKX
541,421,Sponsored Ad - VEGO Men's Regular Fit Capris,https://www.amazon.in/dp/B01BWL1EDM
542,422,JHABAK'S Unstitched Polyester Shirt & Polycotton Trouser Fabric Checkered- 2.25m Shirt Cloth- 1.20m Pant Piece (Purple Shi...,https://www.amazon.in/dp/B09VC719GN
543,423,Jockey 2401 Men's Super Combed Cotton Rich Full Sleeve Thermal Undershirt with Stay Warm Technology,https://www.amazon.in/dp/B00AC4DEXE
544,424,"Raymond Men's Poly Cotton Solid 1.3 m Unstitched Trouser Fabric (Grey, Free Size)",https://www.amazon.in/dp/B01MTG898U
545,425,Qube By Fort Collins Men's Sweatshirt,https://www.amazon.in/dp/B07FMPB76N
546,426,EYEBOGLER Men's Stylish Regular Fit Hooded Neck T-Shirt_T345,https://www.amazon.in/dp/B091SSVWP2
547,427,Veirdo® Oversized Loose Baggy Fit Drop Shooulder Half Sleeves Pure Cotton Want The Truth White Swan & Magenta Graphic Prin...,https://www.amazon.in/dp/B0BTVZX9JX
548,428,AXXTITUDE Men's Casual/Formal Canvas Braided Elastic/Stretchable Expandable Woven Belt,https://www.amazon.in/dp/B0BQYNHYPK
549,429,ZORO Double Ring Nylon Woven Fabric Belt for Men |NB-610,https://www.amazon.in/dp/B0B3D55T7K
550,430,Lux Cottswool Men's R-Neck Thermal Top and Lower Set,https://www.amazon.in/dp/B0BDG4MT3Q
551,431,Jockey Men's Cotton Track Pants,https://www.amazon.in/dp/B01CE7XQ70
552,432,FF Tummy Tucker Vest Abs Abdomen Slimming Body Shaper Men Shapewear,https://www.amazon.in/dp/B09YVD1BHS
553,433,ZORO Men's Nylon Fabric Belt For Men | NB-51-05,https://www.amazon.in/dp/B07QLWLZPY
554,434,ZORO Men's Woven Stretchable Flexible belt,https://www.amazon.in/dp/B084WPM2VD
555,435,"maikun Belts for Men, Elastic Belt for Men, Braided Stretch Woven Belt",https://www.amazon.in/dp/B08XQBVKTT
556,436,Kraasa Solid Joggers Gym Pants for Men | Slim Fit Athletic Track Pants | Casual Running Workout Pants with Pockets |Solid ...,https://www.amazon.in/dp/B09BZY7L1Z
557,437,"Raymond Trouser - Shirt Fabric Combo Box (Unstitched, All Weather Fabric)",https://www.amazon.in/dp/B0BQC6S3TG
558,438,Linen Tuscany Men's Linen Cotton Blended 1.60 Mtr Unstitched Shirt Fabric (Free Size),https://www.amazon.in/dp/B0B3JRXM8H
559,439,"NIVIA Eden Full Sleeve Cricket Jersey for Men | Cricket Kit | Cricket T-Shirt for Men | White Jersey (2XL, White)",https://www.amazon.in/dp/B01MRRS6D8
560,440,"JHABAK'S Premium Unstitched Shirt Fabric for Men 2.25m Shirt Piece Cloth Pure Cotton Linen Blend Material (Baby Blue, Free...",https://www.amazon.in/dp/B08Z83SDLS
561,441,Raymond Men's Unstitched Trouser,https://www.amazon.in/dp/B07HNHR9X5
562,442,"Raymond Men's Poly Viscose Unstitched 3 m Suit Fabric (Blue, Free Size)",https://www.amazon.in/dp/B00U2FJJPU
563,443,"Raymond Men's Cotton Viscose Blend Unstitched Shirt and Trouser Fabric Set Combo (Shirt: Green Dark Check and Pant: Green,...",https://www.amazon.in/dp/B098NYZZ1W
564,444,JUGULAR Men's Slim Fit Track pants,https://www.amazon.in/dp/B0855N1WSF
565,445,Miraan Men's Long Sleeve Casual Denim Shirt (SIGDENIM),https://www.amazon.in/dp/B0B21BW311
566,446,"Raymond Fabrics Makers Men's Viscose Unstitched Shirt and Trouser Fabric Combo (Multicolour, Free Size)-Set of 4",https://www.amazon.in/dp/B07QGX2LSV
567,447,"Raymond Men's Poly Viscose Unstitched 1.2m Trouser Fabric (Black, All weather Fabric)",https://www.amazon.in/dp/B09WF9XH1N
568,448,Nivia Lords Half Sleeves Cricket Jersey,https://www.amazon.in/dp/B01MYU1E3E
569,449,"JHABAK'S Pack of 4 Unstitched Exclusive Shirt Fabric Combo for Men - Cotton Blend Material - 2.25m Shirt Cloth (Rose Pink,...",https://www.amazon.in/dp/B09GS8M7LD
570,450,Oysters Men's 2 In 1 Running Quick Dry Shorts Gym Athletic Workout Shorts For Men With Phone Pockets,https://www.amazon.in/dp/B0B6QJD1MN
571,451,Jockey Mens Straight-fit Track Pants,https://www.amazon.in/dp/B00W05QSGI
572,452,SHAUN Men's Regular Fit Track pants,https://www.amazon.in/dp/B088RGMZF4
573,453,Red Tape Cotton Solid Casual Joggers for Men | Comfortable & Breathable,https://www.amazon.in/dp/B0BSRXVHBJ
574,454,Sponsored Ad - Oysters Men's 2 In 1 Running Quick Dry Shorts Gym Athletic Workout Shorts For Men With Phone Pockets,https://www.amazon.in/dp/B0B6QDFLKP
575,455,Sponsored Ad - DYRECTDEALS Men's Regular Fit Striped Polo T-Shirts,https://www.amazon.in/dp/B0BVMQSXRQ
576,456,Sponsored Ad - U.S. POLO ASSN. Men Vest,https://www.amazon.in/dp/B0B9SXDLN8
577,457,Sponsored Ad - Amazon Brand - Symbol Men Formal Shirt,https://www.amazon.in/dp/B073ZJM413
578,458,"Boldfit Gym Headband for Men and Women - Sports Headband for Workout & Running, Breathable, Non-Slip & Quick Drying Head B...",https://www.amazon.in/dp/B09B2BRGPQ
579,459,ENDEAVOUR WEAR Men's Winter Wear Sweatshirt,https://www.amazon.in/dp/B0BFR58P45
580,460,Alan Jones Clothing Men's Slim Fit Trackpants,https://www.amazon.in/dp/B074Y1P75H
581,461,"maikun Nylon Belt for Men, Casual Tactical Quick-Release Slide Belt Auto Lock",https://www.amazon.in/dp/B0B4JN6KVW
582,462,"ZORO Men's Nylon woven fabric Belt, Hole free plastic flap buckle",https://www.amazon.in/dp/B0BN5KT2NQ
583,463,Arvind Men's Cotton Corduroy 1.30 Meter Unstitched Corduroy Trouser Fabric (White),https://www.amazon.in/dp/B09RPS9V2B
584,464,Maharaja Set of Unstitched Fabric Cotton Handloom Kurta (2.5m - 54Panna) and Pyjama (2m) Set [4 Varients],https://www.amazon.in/dp/B07SVMHF7Y
585,465,"Arvind Men's Cotton Denim Unstitched Jeans Fabric (Black, Free Size)",https://www.amazon.in/dp/B01I78XTIQ
586,466,Whitewhale Men's Loose Fit Pants,https://www.amazon.in/dp/B07MS1N9WD
587,467,Alan Jones Clothing Men's Printed Cotton Joggers Track Pant,https://www.amazon.in/dp/B0BZKWDHRB
588,468,BISMAADH Cap Helmet Liner for Men - Fits Under Helmets,https://www.amazon.in/dp/B086DV5W32
589,469,Sponsored Ad - 0-DEGREE Men's Running Shorts,https://www.amazon.in/dp/B01E2Y07LQ
590,470,Sponsored Ad - Van Heusen Men's Track Pants,https://www.amazon.in/dp/B083C2GFWL
591,471,Sponsored Ad - Amazon Brand - Symbol Men Polo Shirt,https://www.amazon.in/dp/B07SG3R8V6
592,472,"Sponsored Ad - Van Heusen Men Boxer Briefs - 100% Combed Cotton - Pack of 2 - Anti Bacterial, Colour Fresh, Quick Dry",https://www.amazon.in/dp/B073WCXDKX
593,473,Arvind Men's Stretchable Un-Stitched Corduroy Trouser Fabric,https://www.amazon.in/dp/B07RP6N9V8
594,474,Chromozome Men Athletic Fit Cotton Track Pant,https://www.amazon.in/dp/B00UMUVF7A
595,475,VIMAL JONNEY Men Regular Fit Trackpants Pack of 3 Multicolor,https://www.amazon.in/dp/B09ZDRQ1C6
596,476,Chromozome Men's Sports Shorts,https://www.amazon.in/dp/B07ND28DHL
597,477,"Raymond Men's Unstitched 1.3 m Trouser Fabric (Smoke Grey, Free Size)",https://www.amazon.in/dp/B07143TLLK
598,478,Bacca Bucci® Men's Web Genuine leather Canvas Water-washed Belt Breathable Military Tactical Canvas Casual Belt for Men,https://www.amazon.in/dp/B082DP5PW2
599,479,Gajraj Winter Knit Beanie Cap Hat Neck Warmer Scarf and Woolen Gloves Set for Men & Women (3 Piece),https://www.amazon.in/dp/B08L6R2PL7
600,480,"JHABAK'S Premium Unstitched Shirt Fabric for Men Cotton Blend Material 2.25m Shirt Piece Cloth (White, Free Size)",https://www.amazon.in/dp/B095F6M1YW
601,481,SWADESI STUFF Dry Fit Addi Track Suit Set for Men | Slim Fit Perfect for Jogging and Lounging,https://www.amazon.in/dp/B0BY56L55X
602,482,VRITRAZ Unisex Hip Hop Stylish Graffiti Printed Adjustable Cap,https://www.amazon.in/dp/B0BBG2H1NH
603,483,Whitewhale Men's Loose Fit Cotton Trousers,https://www.amazon.in/dp/B08LVWFK2J
604,484,JUST RIDER Men's Running Full Length Tights Compression Lower Sport Leggings Gym Fitness Sportswear Training Yoga Pants fo...,https://www.amazon.in/dp/B0BSS51FNR
605,485,DHRUVI TRENDZ Night Dress for Men || Palm Tree Printed Rayon Night Dress || Beach Wear Summer Wear for Men || Sleepwear Lo...,https://www.amazon.in/dp/B0C18LFFXS
606,486,ILU Cap for Men Women Topi Unisex Head Branded Boy's Girl's Caps Adjustable Strap Summer Sports Cricket Gym Dance Cotton F...,https://www.amazon.in/dp/B08YD5CCXC
607,487,Amazon Brand - Symbol Men Casual Pants,https://www.amazon.in/dp/B0B396N57L
608,488,"Raymond Men's Unstitched PV 1.25 m Trouser Fabric (Black, Free Size)",https://www.amazon.in/dp/B079SG9NKF
609,489,Premium Unstitched Shirt Fabric for Men Cotton Blend Material 2.25m Shirt Fabric,https://www.amazon.in/dp/B0BVWFQB38
610,490,Raymond Men's Unstitched Trouser Fabric (RYMD_PNT_LS_51A_Dark Blue_Free Size),https://www.amazon.in/dp/B01I778WNY
611,491,Kraasa Combo Slim Fit Athletic Track Pants | Joggers Gym Pants for Men | Casual Running Workout Pants with Pockets | Pack ...,https://www.amazon.in/dp/B09M8C71CZ
612,492,BISMAADH Unisex Balaclava Windproof UV Protection Anti-dust Windproof Face Cover Neck Warmer for Motorbike Cycling Outdoor...,https://www.amazon.in/dp/B08T7723BY
613,493,"Arvind Men's and Women's Unstitched Cotton Stretchable Denim Fabric Jeans Cloth (Aqua Blue, Free Size, 1.30 Meter)",https://www.amazon.in/dp/B08B2G8BX5
614,494,Amazon Brand - Inkast Denim Co. Men Regular Stretch Casual Pants,https://www.amazon.in/dp/B08FJNZDW3
615,495,VASTRAMAY Men's Egyptian Blue Cotton Blend Ethnic Jacket,https://www.amazon.in/dp/B07D8RWRN1
616,496,"SOXCO Activewear Sports Tab Hex-Comb Zoned Cushion Ankle Socks Men and Women, Pack of 3, (Free Size)",https://www.amazon.in/dp/B07VLBK68F
617,497,Maharaja Unstitched Handloom Fabric Kurta Piece (2m - 57panna) in Brown [MSP079],https://www.amazon.in/dp/B07SQCR8Z3
618,498,"Van Heusen Men Briefs - 100% Combed Cotton - Pack of 3 - Anti Bacterial, Colour Fresh, Quick Dry",https://www.amazon.in/dp/B073WB9B64
619,499,"Boldfit Gym Headband for Men and Women - Sports Headband for Workout & Running, Breathable, Non-Slip Sweat Head Bands for ...",https://www.amazon.in/dp/B09F3RZCZW
620,500,GRECIILOOKS Casual Shirt for Men| Shirts for Men| Mens Shirt| Fit Poplin Solid Shirts for Men| Button Down Shirts | Beach ...,https://www.amazon.in/dp/B0BXGY55N3
621,501,CHKOKKO Men Solid Gym Tank Tops Sleeveless Sports Vest,https://www.amazon.in/dp/B0BVQKJJ3Z
622,502,ReDesign Apparels Mens Nylon Cutsleeves/Sleeveless Compression Top for Sports,https://www.amazon.in/dp/B07NYQJ665
623,503,Urbano Fashion Men's Slim Fit Joggers,https://www.amazon.in/dp/B07VGH7PBJ
624,504,Sponsored Ad - Chromozome Men's Cotton Pyjama Bottom,https://www.amazon.in/dp/B01DLS1ONO
625,505,Sponsored Ad - Raymond 0-Degree Men's Unstitiched Fabric Suiting for Pant or Coat or Suit,https://www.amazon.in/dp/B07K5D5HP8
626,506,Sponsored Ad - Dennis Lingo Men Casual Shirts,https://www.amazon.in/dp/B07H354YBT
627,507,Sponsored Ad - EYEBOGLER Men's Trendy Polo Neck Full Sleeves T-Shirt,https://www.amazon.in/dp/B07B8KY95H
